recorded_date,btc_price,gold_price,oil_price
2020-10-05,10795.0,1912.45174966,39.12
2020-10-06,10602.66,1878.99376965,40.52
2020-10-07,10670.47,1887.03098888,39.82
2020-10-08,10933.09,1894.11083889,41.04
2020-10-09,11057.07,1930.08239905,40.44
2020-10-10,11299.5,1930.40876406,40.44
2020-10-11,11374.01,1929.86857595,40.44
2020-10-12,11535.46,1924.53881711,39.22
2020-10-13,11428.22,1892.68282554,40.03
2020-10-14,11427.7,1898.92623587,40.86
2020-10-15,11509.34,1906.3506942,40.84
2020-10-16,11328.95,1898.58846321,40.7
2020-10-17,11367.89,1898.3977523,40.7
2020-10-18,11514.2,1900.99612197,40.7
2020-10-19,11760.45,1904.05382306,40.69
2020-10-20,11923.83,1909.76616329,41.37
2020-10-21,12808.0,1923.01890369,39.88
2020-10-22,12987.02,1904.63069835,40.46
2020-10-23,12937.09,1901.21805633,39.73
2020-10-24,13126.24,1901.42987527,39.73
2020-10-25,13045.0,1898.0554422,39.73
2020-10-26,13068.79,1901.72277442,38.39
2020-10-27,13698.18,1905.63232565,39.34
2020-10-28,13281.05,1878.79577288,37.27
2020-10-29,13460.0,1868.30909958,35.94
2020-10-30,13571.51,1878.8451266,35.64
2020-10-31,13804.81,1879.29300997,35.64
2020-11-01,13771.59,1876.43664681,35.64
2020-11-02,13563.22,1894.69547326,36.6
2020-11-03,14035.8,1911.57056126,37.44
2020-11-04,14161.48,1904.29267189,38.97
2020-11-05,15608.21,1946.57370114,38.56
2020-11-06,15599.95,1952.02734945,36.97
2020-11-07,14834.09,1952.28612705,36.97
2020-11-08,15482.9,1959.72759786,36.97
2020-11-09,15342.25,1867.18430343,40.05
2020-11-10,15315.03,1876.45776406,41.18
2020-11-11,15705.79,1865.22341014,41.23
2020-11-12,16310.81,1875.96352733,40.9
2020-11-13,16339.56,1888.09885756,39.93
2020-11-14,16082.01,1888.12839273,39.93
2020-11-15,15966.89,1890.55572886,39.93
2020-11-16,16726.64,1889.42359902,41.14
2020-11-17,17679.36,1881.45526941,41.24
2020-11-18,17782.91,1871.9271756,41.64
2020-11-19,17821.58,1864.25357649,41.57
2020-11-20,18675.25,1871.31531011,41.99
2020-11-21,18721.21,1871.7303211,41.99
2020-11-22,18437.66,1872.43125837,41.99
2020-11-23,18384.82,1835.84283593,42.91
2020-11-24,19172.84,1808.28852378,44.71
2020-11-25,18721.93,1807.32138866,45.58
2020-11-26,17170.0,1809.40646521,45.58
2020-11-27,17153.95,1787.62551594,45.58
2020-11-28,17739.85,1787.37399013,45.58
2020-11-29,18202.04,1786.25654216,45.58
2020-11-30,19713.94,1778.38882212,45.2
2020-12-01,18782.97,1812.58576234,44.54
2020-12-02,19225.63,1831.12547572,45.23
2020-12-03,19448.64,1840.66927588,45.65
2020-12-04,18658.1,1838.37597718,46.23
2020-12-05,19158.96,1838.75920529,46.23
2020-12-06,19375.6,1835.18227948,46.23
2020-12-07,19177.71,1864.48903268,45.72
2020-12-08,18316.22,1870.2650441,45.64
2020-12-09,18546.55,1836.08502012,45.48
2020-12-10,18253.44,1836.76421742,46.76
2020-12-11,18042.15,1839.00634537,46.59
2020-12-12,18821.28,1838.99590823,46.59
2020-12-13,19166.65,1838.18460888,46.59
2020-12-14,19272.37,1827.63626493,47.02
2020-12-15,19444.6,1852.60493476,47.58
2020-12-16,21359.65,1864.75691825,47.86
2020-12-17,22826.48,1884.44643339,48.34
2020-12-18,23137.76,1880.537922,49.04
2020-12-19,23849.99,1880.47688894,49.04
2020-12-20,23476.51,1883.27463794,49.04
2020-12-21,22729.4,1878.34653554,47.79
2020-12-22,23823.27,1863.20171644,47.02
2020-12-23,23228.35,1872.44134644,47.94
2020-12-24,23717.96,1876.36206409,48.18
2020-12-25,24704.71,1876.11538592,48.18
2020-12-26,26475.35,1876.2606126,48.18
2020-12-27,26258.65,1887.54034617,48.18
2020-12-28,27040.36,1874.81337018,47.5
2020-12-29,27366.35,1878.81201271,47.85
2020-12-30,28897.42,1894.13155869,48.24
2020-12-31,28990.08,1896.22519603,48.35
2021-01-01,29412.84,1896.76222625,48.35
2021-01-02,32225.91,1896.09404626,48.35
2021-01-03,33080.66,1912.72247353,48.35
2021-01-04,32019.99,1941.96115141,47.47
2021-01-05,34030.64,1949.68321256,49.78
2021-01-06,36859.26,1922.03416817,50.45
2021-01-07,39505.56,1914.9676606,50.63
2021-01-08,40665.15,1848.61173819,52.14
2021-01-09,40257.43,1848.78765749,52.14
2021-01-10,38171.57,1844.71213267,52.14
2021-01-11,35452.59,1846.8073854,52.15
2021-01-12,34038.98,1857.19325202,53.08
2021-01-13,37393.66,1846.67328178,52.81
2021-01-14,39125.14,1847.3436084,53.47
2021-01-15,36754.67,1827.45395054,52.25
2021-01-16,36006.94,1827.88623236,52.25
2021-01-17,35820.0,1811.24967171,52.25
2021-01-18,36624.23,1837.47146834,52.25
2021-01-19,35917.28,1840.67804142,52.87
2021-01-20,35503.09,1870.0323459,53.16
2021-01-21,30855.95,1869.58393615,53.0
2021-01-22,32984.93,1854.62635373,52.28
2021-01-23,32112.01,1855.66627698,52.28
2021-01-24,32288.56,1857.78644745,52.28
2021-01-25,32261.87,1855.26916629,52.78
2021-01-26,32510.82,1851.23479798,52.61
2021-01-27,30407.13,1840.6575971,52.81
2021-01-28,33488.99,1843.12324231,52.26
2021-01-29,34262.11,1846.20451742,52.16
2021-01-30,34315.63,1846.26178146,52.16
2021-01-31,33137.74,1855.5457624,52.16
2021-02-01,33533.19,1858.92245336,53.55
2021-02-02,35512.67,1837.43361072,54.77
2021-02-03,37678.37,1834.32677001,55.67
2021-02-04,36975.0,1794.37131447,56.19
2021-02-05,38311.49,1813.03556585,56.8
2021-02-06,39265.43,1813.74638384,56.8
2021-02-07,38871.42,1818.14876093,56.8
2021-02-08,46448.1,1830.75263709,57.95
2021-02-09,46514.73,1836.0437033,58.34
2021-02-10,44850.0,1841.97738215,58.69
2021-02-11,47997.91,1826.77637036,58.22
2021-02-12,47408.34,1824.35369335,59.5
2021-02-13,47232.45,1824.80086861,59.5
2021-02-14,48680.69,1821.31116191,59.5
2021-02-15,47936.37,1818.47956859,59.5
2021-02-16,49158.71,1790.59867924,60.07
2021-02-17,52170.01,1777.95621112,61.09
2021-02-18,51601.73,1772.90831649,60.4
2021-02-19,55983.56,1783.84589494,59.12
2021-02-20,55923.52,1784.6148355,59.12
2021-02-21,57489.16,1784.69446031,59.12
2021-02-22,54142.13,1810.28730467,61.67
2021-02-23,48899.99,1805.37111804,61.66
2021-02-24,49737.82,1803.08710705,63.21
2021-02-25,47058.48,1770.16180371,63.43
2021-02-26,46326.2,1733.79242796,61.55
2021-02-27,46180.75,1733.94368151,61.55
2021-02-28,45231.75,1739.23630134,61.55
2021-03-01,49639.4,1724.1868607,60.54
2021-03-02,48511.6,1736.98066912,59.7
2021-03-03,50360.0,1710.18067893,61.33
2021-03-04,48368.52,1695.5194892,63.81
2021-03-05,48769.47,1700.86552883,66.08
2021-03-06,48909.84,1700.86829326,66.08
2021-03-07,50978.61,1707.1692573,66.08
2021-03-08,52415.23,1683.18271272,65.03
2021-03-09,54916.38,1715.49341507,64.02
2021-03-10,55890.69,1726.65034239,64.45
2021-03-11,57815.47,1722.78234861,66.02
2021-03-12,57225.91,1726.8793665,65.59
2021-03-13,61178.5,1727.11571675,65.59
2021-03-14,58972.7,1724.79216254,65.59
2021-03-15,55636.15,1730.81068311,65.36
2021-03-16,56927.11,1730.85166991,64.82
2021-03-17,58925.54,1747.10140196,64.55
2021-03-18,57644.95,1736.07988069,59.95
2021-03-19,58039.66,1745.08778519,61.43
2021-03-20,58116.7,1745.26161472,61.43
2021-03-21,57363.32,1738.69198202,61.43
2021-03-22,54110.07,1739.12473284,61.48
2021-03-23,54345.54,1727.14375757,57.75
2021-03-24,52276.16,1734.97847074,61.12
2021-03-25,51325.01,1727.17621927,58.47
2021-03-26,55072.44,1732.56337036,60.93
2021-03-27,55856.53,1732.86199487,60.93
2021-03-28,55778.82,1730.55291166,60.93
2021-03-29,57613.48,1712.11965622,61.49
2021-03-30,58786.46,1685.56028035,60.55
2021-03-31,58800.0,1706.99875637,59.19
2021-04-01,58726.48,1730.2496123,61.41
2021-04-02,58981.04,1731.83911493,61.41
2021-04-03,57094.34,1733.34257783,61.41
2021-04-04,58215.94,1727.69758381,61.41
2021-04-05,59123.02,1729.31954276,58.73
2021-04-06,58019.98,1743.05518249,59.34
2021-04-07,55955.75,1736.78205208,59.77
2021-04-08,58083.1,1754.88313988,59.61
2021-04-09,58092.68,1744.06380861,59.29
2021-04-10,59778.6,1744.54611272,59.29
2021-04-11,59985.26,1742.03888231,59.29
2021-04-12,59839.82,1732.58575738,59.7
2021-04-13,63588.22,1746.2364026,60.2
2021-04-14,62971.8,1736.25610887,63.15
2021-04-15,63229.04,1763.59798706,63.42
2021-04-16,61427.27,1776.59239453,63.16
2021-04-17,60058.86,1776.73542633,63.16
2021-04-18,56274.41,1778.1255001,63.16
2021-04-19,55696.83,1771.49792991,63.33
2021-04-20,56499.29,1776.70807105,62.61
2021-04-21,53800.86,1794.24665955,61.34
2021-04-22,51701.59,1783.23371272,61.45
2021-04-23,51187.27,1776.82044877,62.18
2021-04-24,50089.15,1776.64072771,62.18
2021-04-25,49121.0,1775.5997088,62.18
2021-04-26,54053.6,1779.95296782,62.02
2021-04-27,55069.62,1776.13122213,63.03
2021-04-28,54894.03,1782.61564138,63.81
2021-04-29,53580.0,1772.55184284,65.0
2021-04-30,57798.77,1769.1368704,63.5
2021-05-01,57859.28,1769.41043244,63.5
2021-05-02,56625.2,1769.5200177,63.5
2021-05-03,57212.73,1792.38967826,64.46
2021-05-04,53241.92,1778.81407075,65.72
2021-05-05,57515.69,1785.85114242,65.63
2021-05-06,56440.66,1814.96981058,64.73
2021-05-07,57380.39,1831.13773948,64.96
2021-05-08,58958.05,1831.46828813,64.96
2021-05-09,58312.57,1837.4077851,64.96
2021-05-10,55866.41,1835.38045879,64.92
2021-05-11,56753.19,1835.80151349,65.31
2021-05-12,49498.77,1817.09084496,65.96
2021-05-13,49690.11,1825.57903383,63.82
2021-05-14,49893.48,1843.70067751,65.32
2021-05-15,46775.51,1844.45694576,65.32
2021-05-16,46450.79,1847.77989246,65.32
2021-05-17,43580.5,1868.11407974,66.24
2021-05-18,42857.15,1869.19513792,65.49
2021-05-19,36731.75,1866.94605002,63.28
2021-05-20,40623.33,1874.46922633,61.95
2021-05-21,37340.77,1880.65368325,63.61
2021-05-22,37476.83,1880.83057478,63.61
2021-05-23,34758.67,1883.43425402,63.61
2021-05-24,38878.56,1878.24898685,66.13
2021-05-25,38361.81,1898.36201824,66.27
2021-05-26,39293.23,1896.65291244,66.41
2021-05-27,38556.88,1897.20451764,66.87
2021-05-28,35680.47,1904.37073218,66.31
2021-05-29,34627.82,1904.52610629,66.31
2021-05-30,35669.44,1904.45356466,66.31
2021-05-31,37279.31,1907.63256566,66.31
2021-06-01,36685.0,1898.874594,67.8
2021-06-02,37577.91,1908.07602349,68.79
2021-06-03,39248.55,1871.44845117,68.81
2021-06-04,36856.52,1890.52722187,69.57
2021-06-05,35539.49,1890.80595604,69.57
2021-06-06,35800.48,1889.91259154,69.57
2021-06-07,33575.91,1898.50107991,69.21
2021-06-08,33402.13,1893.41075261,70.11
2021-06-09,37403.86,1889.14814496,69.9
2021-06-10,36694.05,1898.02273394,70.34
2021-06-11,37338.44,1876.56311596,71.0
2021-06-12,35557.33,1876.5246763,71.0
2021-06-13,39015.24,1873.15026411,71.0
2021-06-14,40539.47,1866.12759365,70.94
2021-06-15,40162.37,1858.73572767,72.06
2021-06-16,38351.0,1816.33153338,72.03
2021-06-17,38095.17,1775.41518215,71.06
2021-06-18,35841.81,1763.80778628,71.64
2021-06-19,35484.79,1764.04177251,71.64
2021-06-20,35585.78,1769.61395871,71.64
2021-06-21,31609.82,1782.98803581,73.64
2021-06-22,32538.37,1777.61171867,73.15
2021-06-23,33688.35,1777.45259751,73.11
2021-06-24,34654.58,1775.58679682,73.31
2021-06-25,31594.63,1781.38756717,74.21
2021-06-26,32275.19,1781.91181318,74.21
2021-06-27,34709.23,1782.29291984,74.21
2021-06-28,34493.22,1778.58476044,72.98
2021-06-29,35904.28,1760.9145808,73.14
2021-06-30,35060.0,1768.27905187,73.52
2021-07-01,33516.11,1776.18536492,75.33
2021-07-02,33805.02,1787.74379102,75.37
2021-07-03,34682.16,1788.22098835,75.37
2021-07-04,35284.05,1786.08107022,75.37
2021-07-05,33697.78,1791.72235187,75.37
2021-07-06,34225.73,1795.77286771,73.62
2021-07-07,33878.56,1803.97240437,72.22
2021-07-08,32875.95,1803.79725325,72.98
2021-07-09,33824.26,1808.28178933,74.56
2021-07-10,33515.35,1808.43272178,74.56
2021-07-11,34259.23,1805.7712449,74.56
2021-07-12,33091.1,1807.14461692,74.21
2021-07-13,32734.14,1806.19498645,75.24
2021-07-14,32816.39,1826.13168212,73.06
2021-07-15,31868.68,1828.98829441,71.67
2021-07-16,31388.06,1811.61098778,71.76
2021-07-17,31533.91,1811.971697,71.76
2021-07-18,31788.25,1815.40919323,71.76
2021-07-19,30842.03,1811.77792343,66.45
2021-07-20,29796.16,1809.37956091,67.32
2021-07-21,32135.19,1802.64145663,70.26
2021-07-22,32287.74,1807.4375478,72.15
2021-07-23,33647.26,1801.81015293,72.24
2021-07-24,34283.01,1802.04532144,72.24
2021-07-25,35428.26,1801.08785707,72.24
2021-07-26,37262.77,1797.84872019,72.15
2021-07-27,39470.48,1799.11427143,71.68
2021-07-28,40035.1,1808.23115417,72.37
2021-07-29,40039.44,1829.88262126,73.62
2021-07-30,42237.95,1814.03140887,73.93
2021-07-31,41495.01,1814.256427,73.93
2021-08-01,39865.41,1814.3387189,73.93
2021-08-02,39149.59,1812.54110696,71.31
2021-08-03,38191.44,1810.91128058,70.64
2021-08-04,39722.41,1811.58582661,68.19
2021-08-05,40888.74,1804.2077241,69.1
2021-08-06,42869.58,1763.35253087,68.26
2021-08-07,44637.34,1763.6839831,68.26
2021-08-08,43829.14,1718.61170546,68.26
2021-08-09,46285.48,1731.37588366,66.56
2021-08-10,45595.66,1727.75641576,68.33
2021-08-11,45553.49,1751.74426873,69.3
2021-08-12,44422.14,1753.45923595,69.12
2021-08-13,47833.64,1779.27955882,68.36
2021-08-14,47109.65,1779.34360015,68.36
2021-08-15,47014.49,1779.10617706,68.36
2021-08-16,45902.46,1787.91460952,67.44
2021-08-17,44671.58,1785.96480611,66.5
2021-08-18,44707.98,1788.02126608,65.36
2021-08-19,46765.87,1779.52697307,63.69
2021-08-20,49342.4,1781.72205842,62.25
2021-08-21,48867.02,1782.14998574,62.25
2021-08-22,49284.63,1779.05870004,62.25
2021-08-23,49506.5,1805.0476303,65.65
2021-08-24,47682.45,1802.12373744,67.5
2021-08-25,48987.33,1791.49712071,68.54
2021-08-26,46851.47,1792.63144131,67.42
2021-08-27,49077.57,1817.5891645,68.84
2021-08-28,48942.94,1818.04959639,68.84
2021-08-29,48802.58,1818.39671961,68.84
2021-08-30,46993.71,1810.76782989,69.28
2021-08-31,47112.5,1814.28740154,68.43
2021-09-01,48839.86,1812.83912815,68.63
2021-09-02,49279.37,1809.08242153,70.07
2021-09-03,50025.0,1827.26482159,69.34
2021-09-04,49942.98,1827.80270698,69.34
2021-09-05,51789.17,1827.93635126,69.34
2021-09-06,52698.81,1823.86849968,69.34
2021-09-07,46894.5,1795.07196774,68.49
2021-09-08,46060.36,1790.61190011,69.36
2021-09-09,46400.0,1794.93712018,68.26
2021-09-10,44851.45,1788.01189761,69.82
2021-09-11,45171.83,1788.34890687,69.82
2021-09-12,46024.23,1788.10907465,69.82
2021-09-13,44947.72,1792.90471366,70.54
2021-09-14,47127.22,1804.36784522,70.53
2021-09-15,48148.12,1794.35276294,72.59
2021-09-16,47753.16,1753.90113313,72.69
2021-09-17,47303.5,1754.23765884,72.09
2021-09-18,48314.56,1754.27824607,72.09
2021-09-19,47255.92,1754.30902153,72.09
2021-09-20,43012.97,1764.23530848,70.41
2021-09-21,40719.6,1775.1693244,70.51
2021-09-22,43575.1,1767.24390471,72.37
2021-09-23,44897.59,1744.51647839,73.43
2021-09-24,42848.92,1750.32918333,74.18
2021-09-25,42705.51,1750.56236816,74.18
2021-09-26,43178.02,1748.77148803,74.18
2021-09-27,42171.76,1750.81683542,75.54
2021-09-28,41026.07,1735.02976306,75.44
2021-09-29,41522.16,1728.37126894,75.06
2021-09-30,43824.43,1754.72263047,75.22
2021-10-01,48165.76,1760.6506392,76.01
2021-10-02,47657.69,1760.79587974,76.01
2021-10-03,48233.99,1763.45072037,76.01
2021-10-04,49245.54,1768.13836292,77.68
2021-10-05,51493.99,1759.98093594,79.17
2021-10-06,55339.48,1763.39484773,77.66
2021-10-07,53797.82,1754.95495373,78.46
2021-10-08,53963.82,1757.02695266,79.55
2021-10-09,54962.29,1757.20674416,79.55
2021-10-10,54690.53,1754.2320849,79.55
2021-10-11,57487.44,1753.86053199,80.64
2021-10-12,56005.1,1760.32119168,80.75
2021-10-13,57367.32,1792.19560102,80.67
2021-10-14,57359.51,1795.31138504,81.43
2021-10-15,61695.39,1767.22275569,82.39
2021-10-16,60877.42,1767.20595902,82.39
2021-10-17,61527.11,1770.45987695,82.39
2021-10-18,62042.41,1764.09252799,82.62
2021-10-19,64303.14,1769.18851692,83.19
2021-10-20,66026.54,1782.03272553,84.4
2021-10-21,62204.02,1784.46389629,82.64
2021-10-22,60687.64,1792.35489875,84.53
2021-10-23,61300.01,1792.29135488,84.53
2021-10-24,60854.48,1794.83267672,84.53
2021-10-25,63083.54,1807.90523093,84.64
2021-10-26,60337.62,1792.79076769,85.64
2021-10-27,58455.47,1796.23528804,82.66
2021-10-28,60591.65,1798.95910398,82.78
2021-10-29,62276.72,1782.95195762,83.5
2021-10-30,61892.41,1783.02383011,83.5
2021-10-31,61343.68,1779.66026286,83.5
2021-11-01,60949.54,1792.36043619,84.08
2021-11-02,63266.51,1787.75842957,83.91
2021-11-03,62935.41,1774.29101313,80.82
2021-11-04,61444.5,1791.74265341,78.88
2021-11-05,61006.15,1817.57648154,81.25
2021-11-06,61539.31,1818.00001818,81.25
2021-11-07,63309.13,1815.54103123,81.25
2021-11-08,67554.84,1824.55396107,81.96
2021-11-09,66944.66,1829.86463825,84.12
2021-11-10,64912.2,1848.93393946,81.23
2021-11-11,64807.59,1862.06546764,81.47
2021-11-12,64147.9,1864.75781405,80.87
2021-11-13,64400.01,1865.11489108,80.87
2021-11-14,65505.02,1865.63683513,80.87
2021-11-15,63624.59,1862.88725261,80.85
2021-11-16,60107.98,1850.70163121,80.76
2021-11-17,60351.51,1866.44919516,78.32
2021-11-18,56898.0,1858.86284495,78.92
2021-11-19,58122.16,1845.20801695,76.11
2021-11-20,59760.76,1845.51217577,76.11
2021-11-21,58671.21,1844.98440988,76.11
2021-11-22,56280.81,1807.48550958,76.74
2021-11-23,57566.85,1789.72784179,78.32
2021-11-24,57162.66,1788.99649722,78.32
2021-11-25,58987.27,1790.84869976,78.32
2021-11-26,53757.67,1792.56035544,78.32
2021-11-27,54759.05,1792.35560335,78.32
2021-11-28,57317.17,1790.48535367,78.32
2021-11-29,57838.06,1794.39904894,69.88
2021-11-30,56987.97,1784.60782886,66.14
2021-12-01,57226.5,1771.43763714,65.44
2021-12-02,56521.46,1781.46231691,66.6
2021-12-03,53638.04,1768.35535172,66.39
2021-12-04,49241.12,1782.28167486,66.39
2021-12-05,49484.22,1781.2130966,66.39
2021-12-06,50529.56,1781.05292037,69.62
2021-12-07,50625.48,1781.60475982,71.94
2021-12-08,50519.68,1784.00164414,72.43
2021-12-09,47568.43,1785.5099086,70.87
2021-12-10,47170.94,1783.76011281,71.71
2021-12-11,49407.75,1782.93990387,71.71
2021-12-12,50089.64,1782.60014692,71.71
2021-12-13,46727.89,1786.06990499,71.19
2021-12-14,48367.43,1789.10015776,70.57
2021-12-15,48884.78,1772.64985627,70.89
2021-12-16,47634.22,1783.15005226,72.34
2021-12-17,46166.5,1798.92999644,70.93
2021-12-18,46859.46,1798.16012256,70.93
2021-12-19,46687.19,1797.89987316,70.93
2021-12-20,46926.07,1790.89990034,68.69
2021-12-21,48914.7,1790.04010943,71.1
2021-12-22,48608.62,1804.34999915,72.82
2021-12-23,50842.2,1808.85012483,73.89
2021-12-24,50851.38,1808.48014424,73.89
2021-12-25,50428.31,1814.94988742,73.89
2021-12-26,50801.79,1808.26005962,73.89
2021-12-27,50717.77,1811.69988539,75.49
2021-12-28,47543.09,1806.8401185,76.01
2021-12-29,46471.24,1804.15988754,76.58
2021-12-30,47122.08,1815.6099242,76.83
2021-12-31,46211.24,1829.08984489,75.33
2022-01-01,47733.43,1829.24007331,75.33
2022-01-02,47299.07,1829.57006018,75.33
2022-01-03,46459.56,1803.11011251,75.99
2022-01-04,45814.61,1813.37012299,77.0
2022-01-05,43436.04,1810.60001293,77.83
2022-01-06,43083.76,1790.88995769,79.47
2022-01-07,41565.18,1796.64010334,79.0
2022-01-08,41684.84,1797.03496419,79.0
2022-01-09,41876.52,1795.4201346,79.0
2022-01-10,41824.07,1801.45806413,78.11
2022-01-11,42753.44,1821.36987778,81.17
2022-01-12,43920.37,1821.44485384,82.51
2022-01-13,42581.65,1821.49992869,81.97
2022-01-14,43090.72,1817.53015101,83.82
2022-01-15,43098.2,1817.53015101,83.82
2022-01-16,43104.34,1817.78289746,83.82
2022-01-17,42218.01,1818.40399409,83.82
2022-01-18,42369.74,1814.39007282,85.42
2022-01-19,41674.27,1839.38795469,86.84
2022-01-20,40670.97,1838.59557774,86.29
2022-01-21,36456.94,1834.32992478,85.16
2022-01-22,35066.43,1834.36996637,85.16
2022-01-23,36282.47,1836.59990993,85.16
2022-01-24,36693.32,1842.31989343,84.48
2022-01-25,36980.0,1848.75006008,86.61
2022-01-26,36840.63,1820.24001321,88.33
2022-01-27,37188.37,1797.81001571,87.61
2022-01-28,37741.9,1791.66998872,87.67
2022-01-29,38191.1,1791.66998872,87.67
2022-01-30,37901.35,1790.1301532,87.67
2022-01-31,38491.93,1797.66005781,89.16
2022-02-01,38716.88,1800.73012404,88.22
2022-02-02,36923.39,1798.28008896,88.16
2022-02-03,37329.91,1805.85994328,90.17
2022-02-04,41614.64,1807.54000854,92.27
2022-02-05,41404.85,1808.12012282,92.27
2022-02-06,42415.16,1809.71007178,92.27
2022-02-07,43868.07,1821.35494966,91.25
2022-02-08,44085.59,1820.57007511,89.32
2022-02-09,44416.35,1833.51500411,89.57
2022-02-10,43527.71,1826.56008323,89.83
2022-02-11,42386.47,1858.75989859,93.1
2022-02-12,42244.97,1858.50011978,93.1
2022-02-13,42074.99,1859.54001674,93.1
2022-02-14,42548.71,1862.6500481,95.52
2022-02-15,44583.52,1853.79009238,92.07
2022-02-16,43895.56,1869.38005936,93.83
2022-02-17,40536.73,1899.88986338,91.78
2022-02-18,39983.56,1898.10984324,91.26
2022-02-19,40101.94,1898.22982476,91.26
2022-02-20,38389.03,1904.13009626,91.26
2022-02-21,37023.0,1910.22004016,91.26
2022-02-22,38251.48,1899.30998068,92.11
2022-02-23,37268.19,1910.90482681,92.14
2022-02-24,38347.3,1911.519947,92.77
2022-02-25,39238.48,1889.07002972,91.68
2022-02-26,39137.8,1889.69009649,91.68
2022-02-27,37717.08,1913.39990307,91.68
2022-02-28,43192.66,1907.23513463,96.13
2022-03-01,44439.95,1942.98013905,103.66
2022-03-02,43912.34,1929.40797853,110.74
2022-03-03,42464.41,1935.62011365,107.69
2022-03-04,39166.51,1970.01984401,115.77
2022-03-05,39402.43,1970.83984778,115.77
2022-03-06,38408.38,1989.29757902,115.77
2022-03-07,37994.0,1981.90481268,119.26
2022-03-08,38749.38,2009.34990699,123.64
2022-03-09,41953.97,1991.12000301,108.81
2022-03-10,39433.71,1998.14013117,105.93
2022-03-11,38732.04,1987.74001712,109.31
2022-03-12,38813.02,1988.194894,109.31
2022-03-13,37793.01,1974.50986742,109.31
2022-03-14,39674.17,1954.13985505,103.22
2022-03-15,39298.1,1916.87987163,96.42
2022-03-16,41127.97,1927.27987573,94.85
2022-03-17,40950.33,1942.01002699,102.97
2022-03-18,41774.98,1944.2898734,104.69
2022-03-19,42232.26,1920.0801211,104.69
2022-03-20,41287.24,1918.42989558,104.69
2022-03-21,41017.71,1936.39485105,112.14
2022-03-22,42378.26,1920.86017655,111.03
2022-03-23,42899.71,1946.82595337,114.89
2022-03-24,44012.29,1958.86002182,114.2
2022-03-25,44331.85,1958.19987385,116.2
2022-03-26,44539.42,1957.90005821,116.2
2022-03-27,46850.01,1958.02005013,116.2
2022-03-28,47144.92,1922.82510694,107.55
2022-03-29,47454.19,1917.85997513,104.25
2022-03-30,47078.03,1932.09982928,107.81
2022-03-31,45528.45,1936.19014317,100.53
2022-04-01,46296.34,1925.12495986,99.32
2022-04-02,45826.27,1924.34995459,99.32
2022-04-03,46422.16,1923.62996669,99.32
2022-04-04,46596.83,1932.09982928,103.29
2022-04-05,45506.5,1921.90012884,101.98
2022-04-06,43166.7,1920.21985749,96.39
2022-04-07,43452.18,1932.3600551,96.05
2022-04-08,42262.02,1947.120112,98.35
2022-04-09,42766.93,1947.2998351,98.35
2022-04-10,42165.96,1945.35989839,98.35
2022-04-11,39535.87,1953.08990542,94.22
2022-04-12,40086.23,1965.39992056,100.52
2022-04-13,41146.68,1978.74002146,104.26
2022-04-14,39954.08,1970.31018396,106.84
2022-04-15,40554.58,1972.33017991,106.84
2022-04-16,40387.6,1974.3999305,106.84
2022-04-17,39683.54,1979.80009958,106.84
2022-04-18,40803.58,1976.64006768,108.24
2022-04-19,41503.85,1948.85009075,102.54
2022-04-20,41377.61,1955.21004822,102.56
2022-04-21,40480.81,1952.15997717,103.89
2022-04-22,39712.25,1931.52996682,102.86
2022-04-23,39465.87,1931.64003193,102.86
2022-04-24,39464.56,1931.83482194,102.86
2022-04-25,40439.22,1898.79787107,99.6
2022-04-26,38113.82,1900.3299733,102.62
2022-04-27,39251.11,1884.7299182,101.96
2022-04-28,39743.22,1894.04988018,105.47
2022-04-29,38593.1,1896.96015928,104.59
2022-04-30,37644.1,1896.96015928,104.59
2022-05-01,38473.05,1898.69007473,104.59
2022-05-02,38510.89,1862.39993325,105.18
2022-05-03,37719.59,1868.85497125,102.53
2022-05-04,39669.56,1887.2400492,107.84
2022-05-05,36537.22,1876.85010499,108.17
2022-05-06,35999.1,1873.83997594,109.72
2022-05-07,35458.0,1882.96009612,109.72
2022-05-08,34027.91,1880.69014558,109.72
2022-05-09,30078.27,1854.59493514,103.08
2022-05-10,31002.39,1838.39987146,99.74
2022-05-11,28972.34,1853.3599377,105.5
2022-05-12,28941.95,1820.70001182,106.15
2022-05-13,29232.18,1811.45014011,110.52
2022-05-14,30041.88,1811.31987982,110.52
2022-05-15,31290.05,1811.67001735,110.52
2022-05-16,29839.89,1827.46500816,114.07
2022-05-17,30412.12,1813.93983742,112.31
2022-05-18,28672.94,1816.88984433,109.67
2022-05-19,30274.59,1844.08994069,112.21
2022-05-20,29155.75,1846.6449969,112.63
2022-05-21,29408.26,1846.61498853,112.63
2022-05-22,30260.87,1846.33984359,112.63
2022-05-23,29082.52,1854.38996226,110.32
2022-05-24,29626.44,1866.64989171,112.55
2022-05-25,29503.49,1853.25998625,112.88
2022-05-26,29166.06,1852.1680924,116.19
2022-05-27,28598.31,1852.8901566,114.96
2022-05-28,29008.99,1852.8901566,114.96
2022-05-29,29447.07,1850.01998947,114.96
2022-05-30,31711.42,1852.849989,114.96
2022-05-31,31784.05,1837.76504247,114.38
2022-06-01,29788.79,1846.9198917,115.26
2022-06-02,30433.75,1869.17984127,116.88
2022-06-03,29670.85,1851.16006648,118.97
2022-06-04,29843.18,1850.59995525,118.97
2022-06-05,29901.54,1852.10017047,118.97
2022-06-06,31343.61,1839.44987205,118.41
2022-06-07,31106.9,1851.72188841,119.55
2022-06-08,30177.0,1854.02999376,121.94
2022-06-09,30079.62,1846.48985049,121.52
2022-06-10,29063.11,1871.22001861,120.73
2022-06-11,28388.63,1871.22001861,120.73
2022-06-12,26555.2,1875.86500825,120.73
2022-06-13,22460.97,1820.71990172,120.92
2022-06-14,22120.25,1809.65996489,118.92
2022-06-15,22562.33,1833.34995571,115.32
2022-06-16,20372.0,1851.48498353,117.56
2022-06-17,20447.86,1839.42009706,109.56
2022-06-18,18948.89,1839.42009706,109.56
2022-06-19,20552.44,1838.46003234,109.56
2022-06-20,20549.75,1837.27005187,109.56
2022-06-21,20696.96,1830.86002453,110.49
2022-06-22,19968.46,1837.35005616,106.22
2022-06-23,21104.45,1823.97509471,105.75
2022-06-24,21223.72,1827.22992856,109.07
2022-06-25,21478.04,1827.22992856,109.07
2022-06-26,21027.92,1831.01791962,109.07
2022-06-27,20725.17,1822.84997124,111.44
2022-06-28,20252.89,1818.61994026,113.66
2022-06-29,20094.79,1818.41986587,111.65
2022-06-30,19985.62,1805.79994048,107.76
2022-07-01,19252.76,1810.52002661,110.3
2022-07-02,19224.03,1810.52002661,110.3
2022-07-03,19291.33,1809.69991918,110.3
2022-07-04,20211.35,1808.78992316,110.3
2022-07-05,20153.51,1767.75015609,101.55
2022-07-06,20542.67,1739.65505424,100.31
2022-07-07,21614.6,1739.8799448,104.62
2022-07-08,21582.2,1742.43014293,106.78
2022-07-09,21583.99,1741.89990416,106.78
2022-07-10,20850.65,1743.96500909,106.78
2022-07-11,19942.43,1733.94007364,106.09
2022-07-12,19303.65,1726.06010728,97.69
2022-07-13,20220.23,1732.44890662,98.44
2022-07-14,20577.02,1711.01796329,97.79
2022-07-15,20827.55,1707.21996983,99.59
2022-07-16,21189.68,1707.67506017,99.59
2022-07-17,20791.74,1709.66999608,99.59
2022-07-18,22427.56,1708.49985512,104.48
2022-07-19,23395.06,1710.44990819,106.12
2022-07-20,23226.99,1695.50494511,104.45
2022-07-21,23153.96,1718.19003113,98.44
2022-07-22,22687.68,1727.6599744,97.71
2022-07-23,22450.69,1727.03995369,97.71
2022-07-24,22583.43,1724.39004875,97.71
2022-07-25,21313.41,1718.91509642,99.83
2022-07-26,21261.57,1718.14988246,97.74
2022-07-27,22962.59,1738.14498215,100.03
2022-07-28,23851.7,1755.15885065,99.11
2022-07-29,23784.5,1766.26986237,101.31
2022-07-30,23650.13,1766.26986237,101.31
2022-07-31,23307.44,1762.48007737,101.31
2022-08-01,23273.86,1771.84987683,96.59
2022-08-02,22989.4,1757.58013555,97.14
2022-08-03,22825.0,1764.0999659,93.25
2022-08-04,22623.94,1792.73990535,91.29
2022-08-05,23320.81,1774.87991163,91.77
2022-08-06,22960.93,1775.55998499,91.77
2022-08-07,23177.39,1774.63013602,91.77
2022-08-08,23815.65,1789.21987866,93.52
2022-08-09,23158.27,1793.78986362,93.18
2022-08-10,23962.18,1791.21010214,94.68
2022-08-11,23944.86,1787.64014875,97.02
2022-08-12,24415.18,1801.59989277,94.86
2022-08-13,24456.49,1802.28500903,94.86
2022-08-14,24316.71,1800.04003289,94.86
2022-08-15,24097.82,1779.22994572,92.24
2022-08-16,23857.93,1775.39984668,89.23
2022-08-17,23341.17,1763.73002091,90.85
2022-08-18,23189.46,1758.17993213,93.2
2022-08-19,20834.94,1747.04012095,93.55
2022-08-20,21139.23,1746.31004687,93.55
2022-08-21,21518.62,1746.57814776,93.55
2022-08-22,21398.25,1735.23505841,93.42
2022-08-23,21528.34,1745.69485463,96.46
2022-08-24,21367.12,1752.3449442,95.52
2022-08-25,21561.86,1756.59002313,93.33
2022-08-26,20240.72,1737.95497272,93.63
2022-08-27,20036.69,1738.03985256,93.63
2022-08-28,19554.03,1734.6998605,93.63
2022-08-29,20286.97,1737.48994211,97.4
2022-08-30,19813.17,1723.09991188,92.08
2022-08-31,20048.26,1708.91999845,90.09
2022-09-01,20133.65,1696.52004718,87.09
2022-09-02,19953.74,1712.33990906,87.29
2022-09-03,19835.47,1712.0699045,87.29
2022-09-04,20004.73,1709.13993344,87.29
2022-09-05,19794.58,1713.15014048,87.29
2022-09-06,18790.91,1701.7600794,87.35
2022-09-07,19293.52,1716.76000691,82.5
2022-09-08,19321.87,1709.79013865,84.04
2022-09-09,21364.5,1716.97990103,87.27
2022-09-10,21651.52,1716.97990103,87.27
2022-09-11,21831.72,1716.97990103,87.27
2022-09-12,22402.71,1724.8799268,88.18
2022-09-13,20174.78,1702.07493147,87.84
2022-09-14,20227.77,1697.8900151,88.88
2022-09-15,19703.67,1662.52006454,85.72
2022-09-16,19801.04,1675.39491571,85.57
2022-09-17,20113.37,1674.74003011,85.57
2022-09-18,19417.64,1678.71001208,85.57
2022-09-19,19540.38,1675.63494416,86.15
2022-09-20,18876.91,1665.60012739,84.69
2022-09-21,18462.64,1670.72011211,83.38
2022-09-22,19401.25,1672.14013872,84.02
2022-09-23,19286.01,1643.00007213,79.07
2022-09-24,18923.2,1643.66008255,79.07
2022-09-25,18808.61,1644.03488247,79.07
2022-09-26,19228.0,1644.89997939,77.17
2022-09-27,19077.57,1628.67006548,78.91
2022-09-28,19412.07,1657.78013625,82.61
2022-09-29,19595.57,1663.31508677,81.78
2022-09-30,19426.11,1660.94995375,79.91
2022-10-01,19315.27,1660.62999985,79.91
2022-10-02,19059.17,1663.00002877,79.91
2022-10-03,19633.46,1701.70505742,84.05
2022-10-04,20345.19,1724.90997695,86.87
2022-10-05,20161.62,1718.24996241,88.22
2022-10-06,19965.64,1710.89998985,88.9
2022-10-07,19533.05,1695.00000424,93.07
2022-10-08,19419.39,1694.76990617,93.07
2022-10-09,19443.47,1696.88997399,93.07
2022-10-10,19132.83,1669.38999822,91.6
2022-10-11,19058.11,1665.13002917,89.75
2022-10-12,19155.92,1674.49997756,87.83
2022-10-13,19378.65,1664.2701177,89.59
2022-10-14,19178.0,1643.69007106,86.1
2022-10-15,19070.24,1643.89002244,86.1
2022-10-16,19264.44,1646.60010011,86.1
2022-10-17,19550.4,1650.68010496,86.0
2022-10-18,19328.76,1652.86005118,83.29
2022-10-19,19124.18,1626.90007694,86.0
2022-10-20,19042.48,1626.06993369,86.02
2022-10-21,19166.45,1657.89996795,85.47
2022-10-22,19209.1,1657.61992963,85.47
2022-10-23,19572.44,1656.92999371,85.47
2022-10-24,19330.41,1651.64986608,86.12
2022-10-25,20086.28,1651.67005314,86.93
2022-10-26,20775.4,1664.92986733,89.39
2022-10-27,20296.97,1662.87005718,89.06
2022-10-28,20597.91,1644.52992346,87.85
2022-10-29,20823.53,1644.38497618,87.85
2022-10-30,20630.68,1644.26006078,87.85
2022-10-31,20489.94,1632.42998467,86.54
2022-11-01,20479.63,1647.08990508,88.36
2022-11-02,20151.4,1632.29995144,90.06
2022-11-03,20206.88,1629.54004114,88.14
2022-11-04,21144.2,1680.59007534,92.58
2022-11-05,21300.45,1680.59007534,92.58
2022-11-06,20909.17,1675.73996068,92.58
2022-11-07,20593.49,1673.74997657,91.8
2022-11-08,18550.25,1712.50998821,88.8
2022-11-09,15891.96,1708.25498849,85.79
2022-11-10,17553.89,1753.49998597,86.52
2022-11-11,17013.62,1770.23014585,89.14
2022-11-12,16783.33,1770.23014585,89.14
2022-11-13,16301.39,1764.27986066,89.14
2022-11-14,16590.73,1770.34986185,85.85
2022-11-15,16877.93,1779.45505257,86.87
2022-11-16,16645.24,1774.50007897,85.62
2022-11-17,16680.47,1759.5900296,81.69
2022-11-18,16680.59,1750.8149168,80.07
2022-11-19,16683.02,1750.95992,80.07
2022-11-20,16252.53,1750.9099479,80.07
2022-11-21,15760.14,1746.27162277,79.74
2022-11-22,16199.71,1746.75509673,80.83
2022-11-23,16587.0,1743.49158948,77.93
2022-11-24,16587.61,1755.37174473,77.93
2022-11-25,16510.9,1755.14806868,76.45
2022-11-26,16450.93,1754.09976969,76.45
2022-11-27,16419.88,1754.59744008,76.45
2022-11-28,16206.3,1741.5701474,77.1
2022-11-29,16438.0,1749.33988659,77.96
2022-11-30,17167.33,1753.78014156,80.48
2022-12-01,16980.08,1776.95485024,81.06
2022-12-02,17094.71,1797.90504508,79.86
2022-12-03,16888.53,1797.90504508,79.86
2022-12-04,17108.9,1798.82515132,79.86
2022-12-05,16966.05,1769.41011936,76.83
2022-12-06,17089.05,1772.21004517,74.21
2022-12-07,16840.0,1787.13984888,71.93
2022-12-08,17226.01,1789.10655954,71.3
2022-12-09,17130.59,1797.15994813,71.05
2022-12-10,17128.1,1796.46936283,71.05
2022-12-11,17085.21,1797.30013169,71.05
2022-12-12,17211.66,1782.14014002,72.96
2022-12-13,17773.18,1809.50998831,75.44
2022-12-14,17804.97,1807.39201646,77.14
2022-12-15,17357.96,1776.45009845,75.89
2022-12-16,16632.64,1792.5879,74.19
2022-12-17,16782.25,1793.15491801,74.19
2022-12-18,16741.16,1790.70010644,74.19
2022-12-19,16439.74,1787.18999402,75.05
2022-12-20,16897.65,1816.80005916,75.92
2022-12-21,16826.56,1815.00984098,78.17
2022-12-22,16815.51,1793.68014737,77.68
2022-12-23,16777.21,1798.42497538,79.57
2022-12-24,16837.12,1797.67007577,79.57
2022-12-25,16829.02,1797.67007577,79.57
2022-12-26,16917.96,1801.75992306,79.57
2022-12-27,16698.73,1805.72005164,79.45
2022-12-28,16539.66,1805.91995007,78.89
2022-12-29,16627.54,1814.9699813,78.43
2022-12-30,16600.1,1824.06991587,80.16
2022-12-31,16530.35,1824.06991587,80.16
2023-01-01,16611.58,1824.06991587,80.16
2023-01-02,16666.95,1829.27989299,80.16
2023-01-03,16669.47,1836.39990693,76.87
2023-01-04,16844.42,1854.79995333,72.82
2023-01-05,16825.69,1832.86506686,73.61
2023-01-06,16948.06,1865.4868333,73.77
2023-01-07,16942.37,1866.01003018,73.77
2023-01-08,17125.18,1869.36014046,73.77
2023-01-09,17177.98,1870.50004452,74.69
2023-01-10,17443.5,1877.25000145,75.11
2023-01-11,17944.27,1876.98996129,77.46
2023-01-12,18847.75,1898.02013723,78.32
2023-01-13,19934.88,1919.86004988,79.9
2023-01-14,20957.02,1920.31499311,79.9
2023-01-15,20879.7,1920.31646815,79.9
2023-01-16,21187.5,1918.13992601,79.9
2023-01-17,21136.33,1908.63006169,80.25
2023-01-18,20674.29,1906.98999555,79.53
2023-01-19,21084.22,1931.86990324,80.31
2023-01-20,22669.81,1926.40998281,81.27
2023-01-21,22789.37,1926.40998281,81.27
2023-01-22,22714.87,1926.40998281,81.27
2023-01-23,22920.29,1931.46505294,81.62
2023-01-24,22636.17,1936.9799693,79.86
2023-01-25,23062.36,1948.449862,79.78
2023-01-26,23010.47,1930.37000946,80.64
2023-01-27,23084.4,1928.4699635,79.73
2023-01-28,23028.95,1928.4699635,79.73
2023-01-29,23745.8,1928.20000216,79.73
2023-01-30,22836.03,1921.99986392,77.97
2023-01-31,23128.86,1923.6351472,78.95
2023-02-01,23735.97,1952.98996905,76.34
2023-02-02,23493.84,1915.08989336,75.87
2023-02-03,23433.54,1864.89993506,73.4
2023-02-04,23328.87,1865.69496298,73.4
2023-02-05,22936.34,1865.40992756,73.4
2023-02-06,22764.07,1868.00002017,74.11
2023-02-07,23244.67,1872.8401471,77.17
2023-02-08,22964.38,1875.09012152,78.47
2023-02-09,21800.63,1862.31010257,78.04
2023-02-10,21628.97,1865.69496298,79.74
2023-02-11,21863.73,1865.35007771,79.74
2023-02-12,21789.8,1862.60008914,79.74
2023-02-13,21789.14,1854.30984257,80.14
2023-02-14,22206.27,1857.56489589,79.08
2023-02-15,24329.04,1834.70012377,78.57
2023-02-16,23516.15,1834.36996637,78.45
2023-02-17,24577.6,1842.31989343,76.31
2023-02-18,24636.23,1841.92015018,76.31
2023-02-19,24281.31,1842.56498312,76.31
2023-02-20,24844.97,1841.82007186,76.31
2023-02-21,24454.43,1835.74994516,76.28
2023-02-22,24184.44,1825.06996406,73.95
2023-02-23,23943.32,1823.17998323,75.26
2023-02-24,23186.88,1810.4498805,76.19
2023-02-25,23159.71,1810.98496394,76.19
2023-02-26,23556.83,1811.75010531,76.19
2023-02-27,23489.52,1817.18996286,75.57
2023-02-28,23145.32,1825.64005571,76.88
2023-03-01,23631.52,1836.19994748,77.57
2023-03-02,23468.24,1836.39990693,78.05
2023-03-03,22358.18,1855.43490281,79.62
2023-03-04,22350.95,1855.15987675,79.62
2023-03-05,22432.69,1852.33002742,79.62
2023-03-06,22410.31,1846.27984765,80.39
2023-03-07,22198.48,1814.05007177,77.45
2023-03-08,21698.37,1815.28989635,76.56
2023-03-09,20367.01,1831.24995079,75.6
2023-03-10,20230.08,1867.26996915,76.55
2023-03-11,20620.54,1867.31006702,76.55
2023-03-12,22219.08,1875.96987643,76.55
2023-03-13,24220.0,1911.08011764,74.68
2023-03-14,24762.65,1903.57008859,71.18
2023-03-15,24377.16,1921.12993178,67.38
2023-03-16,25051.85,1919.50000864,68.15
2023-03-17,27453.62,1987.71077934,66.61
2023-03-18,26980.35,1988.18817406,66.61
2023-03-19,28054.46,1976.49239011,66.61
2023-03-20,27823.32,1976.36738931,67.56
2023-03-21,28207.33,1942.30348647,69.4
2023-03-22,27325.15,1969.09195128,70.71
2023-03-23,28352.94,1991.68590635,69.77
2023-03-24,27489.24,1978.5477934,69.22
2023-03-25,27488.18,1979.58140959,69.22
2023-03-26,27992.9,1976.03426127,69.22
2023-03-27,27142.87,1957.57849107,72.87
2023-03-28,27274.15,1972.17342189,73.12
2023-03-29,28359.54,1963.85794394,72.95
2023-03-30,28035.48,1979.32358992,74.32
2023-03-31,28474.4,1968.68181594,75.68
2023-04-01,28471.46,1968.90702033,75.68
2023-04-02,28188.34,1968.90702033,75.68
2023-04-03,27811.77,1984.3136041,80.4
2023-04-04,28179.64,2020.9283296,80.7
2023-04-05,28175.37,2020.23099725,80.69
2023-04-06,28053.46,2007.94624648,80.7
2023-04-07,27931.94,2007.8660159,80.7
2023-04-08,27958.81,2008.06599951,80.7
2023-04-09,28340.99,2004.6789206,80.7
2023-04-10,29660.41,1992.24339955,79.79
2023-04-11,30227.19,2004.35908013,81.54
2023-04-12,29912.2,2024.56567499,83.26
2023-04-13,30406.78,2025.84204631,82.16
2023-04-14,30492.92,2037.47943419,82.58
2023-04-15,30324.11,2004.13894775,82.58
2023-04-16,30326.09,2004.23414505,82.58
2023-04-17,29449.91,2007.67856745,80.93
2023-04-18,30393.4,2003.67795125,80.85
2023-04-19,28809.72,2004.08392222,79.18
2023-04-20,28248.18,2003.64984856,77.27
2023-04-21,27253.85,1987.89570306,77.86
2023-04-22,27821.41,1983.26363484,77.86
2023-04-23,27592.98,1983.37810148,77.86
2023-04-24,27515.05,1983.72984456,78.64
2023-04-25,28304.42,1981.4433864,77.05
2023-04-26,28426.08,1999.68245043,74.33
2023-04-27,29483.72,2000.70504846,74.77
2023-04-28,29338.63,1983.71331693,76.78
2023-04-29,29249.35,1988.80303889,76.78
2023-04-30,29247.14,1990.82508352,76.78
2023-05-01,28077.27,1988.45582089,75.65
2023-05-02,28684.4,1988.13560198,71.71
2023-05-03,29038.75,2016.33960966,68.62
2023-05-04,28857.23,2039.99491633,68.52
2023-05-05,29536.76,2049.43524738,71.32
2023-05-06,28902.66,2032.91699193,71.32
2023-05-07,28474.53,2016.45955275,71.32
2023-05-08,27695.06,2024.230853,73.13
2023-05-09,27647.29,2032.04494233,73.68
2023-05-10,27624.01,2031.20004517,72.53
2023-05-11,26986.56,2028.75352369,70.81
2023-05-12,26808.84,2007.10555509,70.02
2023-05-13,26789.48,2011.54870342,70.02
2023-05-14,26929.98,2011.51592869,70.02
2023-05-15,27171.13,2015.23071067,71.07
2023-05-16,27037.68,2016.41929907,70.85
2023-05-17,27407.77,1987.58554071,72.78
2023-05-18,26820.49,1984.31832911,71.82
2023-05-19,26890.27,1965.20795831,71.57
2023-05-20,27113.61,1976.28458498,71.57
2023-05-21,26752.65,1976.62209516,71.57
2023-05-22,26854.73,1980.12391219,71.81
2023-05-23,27223.22,1967.87173884,72.87
2023-05-24,26321.4,1976.51739217,74.37
2023-05-25,26479.06,1957.33863015,71.68
2023-05-26,26714.86,1953.23754005,72.35
2023-05-27,26867.99,1945.82776583,72.35
2023-05-28,28070.04,1945.52529183,72.35
2023-05-29,27744.82,1945.44921492,72.35
2023-05-30,27700.15,1938.62694808,69.45
2023-05-31,27223.08,1957.11338302,68.11
2023-06-01,26828.42,1967.75673175,70.09
2023-06-02,27250.69,1979.28362996,71.76
2023-06-03,27077.6,1948.66362597,71.76
2023-06-04,27122.04,1948.70881477,71.76
2023-06-05,25741.5,1942.65854765,72.14
2023-06-06,27243.63,1964.03807013,71.71
2023-06-07,26346.41,1961.70939433,72.52
2023-06-08,26508.32,1945.68276343,71.28
2023-06-09,26482.81,1964.10827815,70.16
2023-06-10,25856.1,1960.81699401,70.16
2023-06-11,25937.02,1960.88966348,70.16
2023-06-12,25905.82,1964.2957813,67.08
2023-06-13,25930.23,1965.24542083,69.39
2023-06-14,25123.34,1944.72734825,68.22
2023-06-15,25569.99,1934.04294658,70.61
2023-06-16,26329.6,1964.77820699,71.81
2023-06-17,26506.56,1956.83342866,71.81
2023-06-18,26336.46,1957.29342334,71.81
2023-06-19,26837.78,1956.66840419,71.81
2023-06-20,28320.43,1952.3471117,70.94
2023-06-21,29995.08,1935.19496509,72.55
2023-06-22,29886.31,1930.04587333,69.22
2023-06-23,30707.61,1918.45749878,68.91
2023-06-24,30547.18,1920.12251918,68.91
2023-06-25,30480.24,1920.30761792,68.91
2023-06-26,30272.18,1931.16590859,69.09
2023-06-27,30697.38,1923.22856225,67.68
2023-06-28,30074.94,1916.09937351,69.54
2023-06-29,30446.47,1908.45740533,69.85
2023-06-30,30466.72,1905.49070959,70.66
2023-07-01,30587.21,1919.38579655,70.66
2023-07-02,30613.51,1919.39795396,70.66
2023-07-03,31161.8,1914.70890872,69.71
2023-07-04,30771.25,1929.74121013,69.71
2023-07-05,30499.27,1923.81574231,71.78
2023-07-06,29899.38,1923.91604646,71.76
2023-07-07,30352.08,1915.88425147,73.91
2023-07-08,30291.69,1925.89057513,73.91
2023-07-09,30168.38,1926.0660294,73.91
2023-07-10,30419.89,1923.07692308,73.05
2023-07-11,30626.55,1934.61279595,74.87
2023-07-12,30381.81,1934.1978166,75.77
2023-07-13,31471.83,1960.61208741,76.86
2023-07-14,30330.52,1956.45364604,75.44
2023-07-15,30301.65,1956.06827148,75.44
2023-07-16,30247.64,1956.2557734,75.44
2023-07-17,30143.08,1957.11874544,74.17
2023-07-18,29861.93,1963.92813908,75.76
2023-07-19,29916.72,1975.65948007,75.4
2023-07-20,29809.13,1984.8862819,75.65
2023-07-21,29907.98,1972.40370528,77.06
2023-07-22,29795.03,1961.76596603,77.06
2023-07-23,30081.61,1962.06003747,77.06
2023-07-24,29176.98,1961.39119124,78.81
2023-07-25,29225.14,1962.48359364,79.76
2023-07-26,29353.23,1963.8039511,79.11
2023-07-27,29214.92,1977.64157541,80.17
2023-07-28,29316.15,1950.49716222,80.55
2023-07-29,29355.71,1959.35014626,80.55
2023-07-30,29281.39,1959.35014626,80.55
2023-07-31,29230.67,1956.67835847,81.8
2023-08-01,29697.27,1961.20616533,81.37
2023-08-02,29164.22,1947.3699892,79.5
2023-08-03,29174.18,1937.82939466,81.56
2023-08-04,29076.48,1936.67011265,82.76
2023-08-05,29047.12,1942.85481143,82.76
2023-08-06,29040.01,1942.37743113,82.76
2023-08-07,29179.21,1942.26161215,81.94
2023-08-08,29770.01,1932.04010297,82.94
2023-08-09,29562.76,1927.31739198,84.35
2023-08-10,29424.03,1918.75676841,82.81
2023-08-11,29400.45,1915.24504411,83.17
2023-08-12,29416.96,1913.21649958,83.17
2023-08-13,29275.94,1913.61483373,83.17
2023-08-14,29405.49,1911.74030308,82.5
2023-08-15,29170.14,1907.12455964,81.06
2023-08-16,28700.51,1904.71220084,79.4
2023-08-17,26627.57,1892.48633719,80.43
2023-08-18,26048.89,1893.68726096,81.25
2023-08-19,26096.42,1889.44159254,81.25
2023-08-20,26189.14,1889.39732571,81.25
2023-08-21,26125.18,1886.62123305,80.71
2023-08-22,26042.11,1894.38464609,80.25
2023-08-23,26427.54,1901.40312142,78.91
2023-08-24,26163.49,1920.40165585,79.52
2023-08-25,26049.39,1916.60947185,80.47
2023-08-26,26009.61,1914.55311171,80.47
2023-08-27,26091.16,1915.0227792,80.47
2023-08-28,26101.04,1915.56642916,80.65
2023-08-29,27717.98,1922.54046034,81.14
2023-08-30,27306.06,1936.74625467,81.64
2023-08-31,25932.45,1946.81306701,83.55
2023-09-01,25794.88,1942.37818569,85.52
2023-09-02,25867.83,1940.45632159,85.52
2023-09-03,25969.83,1939.90974376,85.52
2023-09-04,25816.13,1943.66821894,85.52
2023-09-05,25783.91,1935.50884528,86.74
2023-09-06,25747.63,1925.55051489,87.55
2023-09-07,26276.3,1919.32316988,86.87
2023-09-08,25906.34,1925.93285928,87.51
2023-09-09,25897.82,1919.12500182,87.51
2023-09-10,25831.76,1919.10511361,87.51
2023-09-11,25152.14,1920.35002604,87.3
2023-09-12,25840.61,1922.32980221,88.87
2023-09-13,26226.65,1909.31735413,88.59
2023-09-14,26532.76,1912.34937858,90.13
2023-09-15,26602.42,1923.64772855,90.83
2023-09-16,26569.69,1923.5877836,90.83
2023-09-17,26530.95,1923.66697093,90.83
2023-09-18,26764.49,1926.32277696,91.47
2023-09-19,27216.13,1932.65807549,91.16
2023-09-20,27123.94,1929.38229282,89.2
2023-09-21,26564.54,1924.48327624,89.56
2023-09-22,26578.4,1922.81734274,90.0
2023-09-23,26579.6,1925.25875959,90.0
2023-09-24,26250.24,1925.57684024,90.0
2023-09-25,26296.08,1924.2225756,89.68
2023-09-26,26208.44,1915.42370034,91.43
2023-09-27,26357.62,1900.52716823,93.67
2023-09-28,27027.14,1876.71942688,91.65
2023-09-29,26907.0,1865.20186147,90.77
2023-09-30,26961.0,1848.50878947,90.77
2023-10-01,27995.46,1848.62873342,90.77
2023-10-02,27504.04,1847.14505261,88.81
2023-10-03,27428.96,1823.66508172,89.26
2023-10-04,27786.75,1823.59757141,84.32
2023-10-05,27412.96,1826.41996847,82.3
2023-10-06,27945.17,1820.32881327,82.83
2023-10-07,27976.43,1832.71726542,82.83
2023-10-08,27933.55,1832.77571132,82.83
2023-10-09,27596.67,1848.08996206,82.83
2023-10-10,27393.29,1863.10986573,85.89
2023-10-11,26869.19,1861.34401695,83.7
2023-10-12,26750.51,1875.14497215,82.87
2023-10-13,26863.53,1872.55011927,87.67
2023-10-14,26851.71,1932.47506962,87.67
2023-10-15,27186.13,1932.98308968,87.67
2023-10-16,28520.24,1922.5101523,86.65
2023-10-17,28408.83,1916.14012733,86.66
2023-10-18,28326.51,1928.47814533,88.35
2023-10-19,28735.34,1950.49982533,89.35
2023-10-20,29684.73,1972.93994489,89.12
2023-10-21,29924.84,1980.92331232,89.12
2023-10-22,30004.15,1981.16427874,89.12
2023-10-23,33087.58,1967.53991991,85.49
2023-10-24,33922.52,1977.2001146,84.58
2023-10-25,34506.35,1974.51493572,86.07
2023-10-26,34154.71,1983.7499142,83.8
2023-10-27,33906.09,1984.61014219,86.04
2023-10-28,34085.42,2006.6448036,86.04
2023-10-29,34534.48,2006.55179291,86.04
2023-10-30,34493.79,2003.29983549,83.03
2023-10-31,34656.4,1996.35664912,81.64
2023-11-01,35440.1,1980.66004308,81.05
2023-11-02,34950.0,1985.58741519,83.04
2023-11-03,34731.27,1984.41007755,81.19
2023-11-04,35087.01,1992.37438627,81.19
2023-11-05,35035.42,1992.52206469,81.19
2023-11-06,35059.46,1991.55778654,81.54
2023-11-07,35416.28,1974.87017203,77.96
2023-11-08,35639.13,1969.14003126,75.85
2023-11-09,36706.59,1951.09502282,76.34
2023-11-10,37324.83,1959.23690074,76.34
2023-11-11,37139.12,1938.20573705,76.34
2023-11-12,37086.03,1938.23766903,76.34
2023-11-13,36475.67,1940.33508423,78.86
2023-11-14,35554.09,1945.27588778,78.9
2023-11-15,37885.35,1963.19018405,77.15
2023-11-16,36161.15,1956.63011942,73.5
2023-11-17,36630.38,1984.61014219,76.47
2023-11-18,36594.89,1980.68946612,76.47
2023-11-19,37391.19,1980.70280485,76.47
2023-11-20,37475.64,1980.43018112,78.1
2023-11-21,35751.89,1989.47013248,78.35
2023-11-22,37424.31,1995.91516003,76.8
2023-11-23,37304.05,1993.94518605,76.8
2023-11-24,37745.84,1993.11855886,74.83
2023-11-25,37805.99,2002.62824931,74.83
2023-11-26,37462.79,2003.10400997,74.83
2023-11-27,37241.63,2010.03004995,74.46
2023-11-28,37838.26,2014.59980479,76.09
2023-11-29,37863.84,2047.9058422,77.56
2023-11-30,37732.27,2043.57181203,75.66
2023-12-01,38703.54,2041.53002876,73.7
2023-12-02,39478.95,2071.73635746,73.7
2023-12-03,39984.81,2071.77455778,73.7
2023-12-04,41987.24,2085.54009545,72.73
2023-12-05,44084.39,2035.13580563,71.95
2023-12-06,43764.05,2021.70992991,68.98
2023-12-07,43280.95,2028.69014172,69.0
2023-12-08,44192.87,2032.70004563,70.87
2023-12-09,43723.25,2004.40729075,70.87
2023-12-10,43793.68,2004.40729075,70.87
2023-12-11,41229.61,2001.36412979,70.95
2023-12-12,41477.39,1982.93014415,68.27
2023-12-13,42885.54,1978.77369458,69.09
2023-12-14,43027.77,2033.01990265,71.21
2023-12-15,41933.89,2033.043462,71.05
2023-12-16,42237.29,2019.81927465,71.05
2023-12-17,41349.59,2019.76175294,71.05
2023-12-18,42650.01,2022.01979557,72.16
2023-12-19,42266.22,2025.59911651,73.23
2023-12-20,43674.77,2036.25552971,73.87
2023-12-21,43875.32,2036.12617222,73.59
2023-12-22,44013.73,2050.04991872,73.29
2023-12-23,43726.35,2053.06937978,73.29
2023-12-24,43025.03,2053.18277207,73.29
2023-12-25,43589.67,2053.71491356,73.29
2023-12-26,42515.53,2063.31019744,75.84
2023-12-27,43474.4,2066.65499695,74.31
2023-12-28,42581.23,2081.85521613,72.02
2023-12-29,42063.45,2069.15017106,71.89
2023-12-30,42141.03,2062.71265278,71.89
2023-12-31,42288.06,2062.69435738,71.89
2024-01-01,44220.78,2063.15056295,71.89
2024-01-02,44972.8,2064.68833736,70.62
2024-01-03,42862.44,2063.20675147,72.97
2024-01-04,44193.29,2042.91636117,72.38
2024-01-05,44186.59,2046.76279902,74.0
2024-01-06,43992.44,2045.56244887,74.0
2024-01-07,43950.28,2045.50261477,74.0
2024-01-08,46995.1,2043.02487812,71.06
2024-01-09,46124.08,2034.3164778,72.43
2024-01-10,46666.11,2031.46908124,71.57
2024-01-11,46342.66,2029.66888794,72.15
2024-01-12,42773.03,2033.59002662,72.94
2024-01-13,42839.33,2049.1173427,72.94
2024-01-14,41697.33,2049.12070182,72.94
2024-01-15,42490.16,2050.63005608,72.94
2024-01-16,43130.45,2051.20883891,72.63
2024-01-17,42739.49,2032.46001237,72.79
2024-01-18,41293.5,2011.11988406,74.32
2024-01-19,41624.07,2023.40758835,73.69
2024-01-20,41666.67,2029.4262751,73.69
2024-01-21,41554.05,2029.45592925,73.69
2024-01-22,39524.27,2029.39497445,75.26
2024-01-23,39878.3,2021.13623428,74.72
2024-01-24,40077.78,2026.57570314,75.48
2024-01-25,39941.66,2016.54291143,77.91
2024-01-26,41814.8,2022.7257281,78.45
2024-01-27,42126.55,2018.5121789,78.45
2024-01-28,42034.59,2018.83696014,78.45
2024-01-29,43306.18,2022.33670895,77.25
2024-01-30,42942.78,2030.56817328,78.3
2024-01-31,42548.08,2034.07606265,76.28
2024-02-01,43078.81,2044.76230047,74.36
2024-02-02,43181.66,2039.09973747,72.72
2024-02-03,43010.67,2039.83345984,72.72
2024-02-04,42568.55,2040.17429617,72.72
2024-02-05,42657.67,2024.96006273,73.21
2024-02-06,43095.79,2036.07435092,73.83
2024-02-07,44343.61,2035.91061294,74.26
2024-02-08,45305.2,2034.96890568,76.67
2024-02-09,47160.41,2024.45829039,77.26
2024-02-10,47767.06,2024.48452069,77.26
2024-02-11,48316.3,2024.54559074,77.26
2024-02-12,49941.81,2023.70445982,77.34
2024-02-13,49725.36,2019.7225911,78.28
2024-02-14,51858.59,1992.76625848,77.09
2024-02-15,51934.29,1992.6888247,78.47
2024-02-16,52162.64,2004.69579944,79.65
2024-02-17,51666.22,2013.05628042,79.65
2024-02-18,52153.63,2013.04128667,79.65
2024-02-19,51787.05,2019.63978513,79.65
2024-02-20,52277.52,2017.11522266,78.72
2024-02-21,51851.67,2026.82872649,78.89
2024-02-22,51258.7,2027.6954815,79.64
2024-02-23,50747.05,2027.3826409,77.6
2024-02-24,51570.65,2035.78544369,77.6
2024-02-25,51731.0,2035.79787703,77.6
2024-02-26,54533.48,2031.6094044,78.53
2024-02-27,57077.07,2033.31381352,79.8
2024-02-28,62518.9,2032.65376975,79.44
2024-02-29,61179.03,2036.19914109,79.22
2024-03-01,62436.72,2044.59130971,80.9
2024-03-02,62045.78,2083.11070088,80.9
2024-03-03,63154.49,2083.02955819,80.9
2024-03-04,68360.14,2081.53410729,79.67
2024-03-05,63800.78,2111.4316499,79.11
2024-03-06,66122.28,2126.21962616,80.08
2024-03-07,66938.21,2145.97340281,79.81
2024-03-08,68289.16,2156.46954882,78.96
2024-03-09,68480.0,2178.83863979,78.96
2024-03-10,69032.12,2178.95495577,78.96
2024-03-11,72110.98,2179.22086752,78.87
2024-03-12,71475.93,2181.61033385,78.51
2024-03-13,73135.04,2158.63926289,80.67
2024-03-14,71364.58,2174.87897342,82.16
2024-03-15,69506.88,2162.98620145,81.94
2024-03-16,65254.22,2155.80893497,81.94
2024-03-17,68343.64,2155.82706042,81.94
2024-03-18,67613.04,2151.87133187,83.68
2024-03-19,61906.27,2160.98425053,84.39
2024-03-20,67858.8,2158.33362831,82.79
2024-03-21,65484.7,2205.59594982,81.99
2024-03-22,63814.56,2176.39365912,81.1
2024-03-23,63998.86,2165.04061291,81.1
2024-03-24,67204.93,2164.96936677,81.1
2024-03-25,69890.28,2175.18694644,82.41
2024-03-26,69992.4,2169.94063693,82.41
2024-03-27,69435.96,2175.88269033,82.15
2024-03-28,70801.18,2189.53873425,83.96
2024-03-29,69903.75,2233.14428278,83.96
2024-03-30,69626.87,2233.027096,83.96
2024-03-31,71288.9,2233.07047861,83.96
2024-04-01,69681.82,2256.46635564,84.54
2024-04-02,65464.14,2248.62406693,85.95
2024-04-03,65987.92,2283.41104162,86.22
2024-04-04,68525.23,2300.19208904,87.37
2024-04-05,67856.51,2273.20309547,87.69
2024-04-06,68919.89,2328.87648478,87.69
2024-04-07,69350.34,2329.91829443,87.69
2024-04-08,71622.53,2326.23706961,87.24
2024-04-09,69117.01,2341.35669445,86.04
2024-04-10,70634.04,2349.28182455,86.98
2024-04-11,70020.73,2340.82999746,85.79
2024-04-12,67148.61,2391.89930678,86.46
2024-04-13,64024.77,2343.87891334,86.46
2024-04-14,65777.05,2343.89154908,86.46
2024-04-15,63452.18,2356.0600456,86.21
2024-04-16,63814.94,2374.61780526,86.15
2024-04-17,61279.36,2383.38627231,83.58
2024-04-18,63513.85,2369.14276833,83.5
2024-04-19,63848.37,2411.82605139,83.79
2024-04-20,64968.87,2391.89358561,83.79
2024-04-21,64952.92,2391.98913272,83.79
2024-04-22,66859.17,2376.20901515,83.82
2024-04-23,66414.16,2308.32692003,84.17
2024-04-24,64255.78,2319.10408371,84.09
2024-04-25,64484.44,2319.83952278,84.92
2024-04-26,63742.39,2334.03167561,85.38
2024-04-27,63422.0,2337.71139924,85.38
2024-04-28,63108.94,2337.75020064,85.38
2024-04-29,63844.85,2329.74622307,84.26
2024-04-30,60622.1,2331.91879139,83.49
2024-05-01,58265.59,2287.38525332,80.7
2024-05-02,59071.89,2324.88879476,80.59
2024-05-03,62913.03,2301.37679867,79.65
2024-05-04,63902.88,2302.60249344,79.65
2024-05-05,64023.45,2302.58923857,79.65
2024-05-06,63162.24,2312.63761639,80.1
2024-05-07,62315.76,2322.27296647,79.97
2024-05-08,61169.53,2308.46280155,80.57
2024-05-09,63073.57,2309.10565798,80.86
2024-05-10,60787.47,2351.20294596,79.81
2024-05-11,60814.63,2361.10727431,79.81
2024-05-12,61453.02,2361.2003776,79.81
2024-05-13,62932.37,2358.79876757,80.71
2024-05-14,61539.84,2342.8158022,79.62
2024-05-15,66244.69,2357.7698892,80.23
2024-05-16,65252.18,2388.31521557,80.85
2024-05-17,67046.33,2377.31904501,81.66
2024-05-18,66923.87,2414.70419632,81.66
2024-05-19,66261.62,2414.58233883,81.66
2024-05-20,71432.17,2434.01447606,81.39
2024-05-21,70142.84,2420.79638391,80.66
2024-05-22,69109.93,2425.41426682,79.15
2024-05-23,67940.45,2372.09430308,77.47
2024-05-24,68547.8,2333.97120766,78.48
2024-05-25,69289.67,2334.49536731,78.48
2024-05-26,68473.72,2334.47574795,78.48
2024-05-27,69368.72,2338.79012048,78.48
2024-05-28,68321.98,2353.80516142,80.9
2024-05-29,67569.45,2357.45973341,80.24
2024-05-30,68338.58,2335.80679701,78.96
2024-05-31,67472.41,2346.81571137,77.97
2024-06-01,67719.29,2327.90334359,77.97
2024-06-02,67735.52,2327.82585255,77.97
2024-06-03,68791.0,2330.0534724,75.26
2024-06-04,70542.32,2348.3836545,74.27
2024-06-05,71121.11,2331.09253179,75.08
2024-06-06,70773.64,2368.09138938,76.52
2024-06-07,69324.53,2370.71090982,76.53
2024-06-08,69304.05,2293.74738226,76.53
2024-06-09,69637.87,2293.87050275,76.53
2024-06-10,69497.73,2298.5557255,78.75
2024-06-11,67316.53,2300.84622823,78.88
2024-06-12,68248.6,2312.95320873,79.56
2024-06-13,66738.85,2314.06435089,79.61
2024-06-14,66004.39,2305.99013221,79.41
2024-06-15,66192.0,2332.49969794,79.41
2024-06-16,66628.75,2332.57750047,79.41
2024-06-17,66481.81,2324.88879476,81.33
2024-06-18,65152.8,2323.32290936,82.67
2024-06-19,64943.79,2329.90038045,82.67
2024-06-20,64840.88,2336.73959865,83.34
2024-06-21,64120.28,2359.94103923,81.71
2024-06-22,64235.01,2321.15177408,81.71
2024-06-23,63171.43,2320.9998496,81.71
2024-06-24,60263.0,2321.79417109,82.63
2024-06-25,61789.71,2325.75880207,81.97
2024-06-26,60816.68,2314.40229404,82.19
2024-06-27,61615.39,2298.58478433,83.04
2024-06-28,60313.35,2320.71437158,82.83
2024-06-29,60885.67,2326.41457638,82.83
2024-06-30,62668.26,2326.48060716,82.83
2024-07-01,62830.13,2326.49576229,84.7
2024-07-02,62040.22,2333.33076667,84.09
2024-07-03,60145.01,2330.41891144,85.19
2024-07-04,57042.14,2360.5950588,85.19
2024-07-05,56639.43,2359.59913242,84.44
2024-07-06,58244.75,2391.75342553,84.44
2024-07-07,55854.09,2391.76257834,84.44
2024-07-08,56699.43,2386.03463472,83.63
2024-07-09,58047.86,2362.57771404,82.78
2024-07-10,57712.59,2365.07204837,83.39
2024-07-11,57340.77,2372.12918995,83.92
2024-07-12,57909.03,2412.10587698,83.49
2024-07-13,59224.58,2411.11950449,83.49
2024-07-14,60808.42,2411.09101869,83.49
2024-07-15,64757.16,2408.01271045,83.22
2024-07-16,65088.99,2421.18205013,81.92
2024-07-17,64085.81,2467.3769587,84.16
2024-07-18,63982.86,2458.82815201,84.17
2024-07-19,66707.61,2436.28268091,81.43
2024-07-20,67163.83,2400.05740937,81.43
2024-07-21,68181.28,2400.24463293,81.43
2024-07-22,67558.22,2409.27745287,81.25
2024-07-23,65939.24,2397.13245427,78.24
2024-07-24,65366.4,2409.66119923,78.78
2024-07-25,65795.42,2397.37324608,79.43
2024-07-26,67924.08,2364.78848859,78.58
2024-07-27,67899.41,2387.13790997,78.58
2024-07-28,68244.3,2387.05927426,78.58
2024-07-29,66771.45,2398.57562985,77.27
2024-07-30,66169.68,2381.83536135,76.17
2024-07-31,64609.62,2408.86887708,79.36
2024-08-01,65288.18,2445.95658916,77.74
2024-08-02,61418.06,2445.6257904,74.99
2024-08-03,60674.93,2442.77076648,74.99
2024-08-04,58130.95,2442.7403345,74.99
2024-08-05,54029.12,2434.04528347,74.46
2024-08-06,56048.08,2408.02314784,74.6
2024-08-07,55148.1,2382.77122966,76.68
2024-08-08,61705.58,2384.77767791,77.64
2024-08-09,60862.13,2423.556778,78.28
2024-08-10,60935.02,2431.43002612,78.28
2024-08-11,58722.49,2431.39278202,78.28
2024-08-12,59358.78,2427.94585098,81.45
2024-08-13,60603.19,2476.10374181,79.81
2024-08-14,58690.62,2464.93749658,78.47
2024-08-15,57543.61,2449.80052499,79.66
2024-08-16,58888.99,2457.71863742,78.05
2024-08-17,59497.49,2507.44208812,78.05
2024-08-18,58437.9,2507.7338512,78.05
2024-08-19,59452.67,2506.01380663,75.82
2024-08-20,59017.59,2504.80735151,75.27
2024-08-21,61163.28,2513.41788136,72.76
2024-08-22,60383.29,2512.58680359,73.72
2024-08-23,64086.72,2487.05302372,75.82
2024-08-24,64179.63,2512.38416967,75.82
2024-08-25,64251.93,2512.38416967,75.82
2024-08-26,62840.0,2515.00767958,78.4
2024-08-27,59439.64,2516.24107804,76.5
2024-08-28,59045.88,2524.96942262,75.49
2024-08-29,59364.47,2510.08678374,76.9
2024-08-30,59112.77,2518.69057307,74.52
2024-08-31,58968.37,2502.83132794,74.52
2024-09-01,57299.0,2503.86659599,74.52
2024-09-02,59139.83,2502.37287508,74.52
2024-09-03,57468.84,2496.42636566,71.28
2024-09-04,57971.0,2493.3800759,70.11
2024-09-05,56156.82,2495.63887107,70.09
2024-09-06,53950.01,2517.42942261,68.58
2024-09-07,54156.33,2496.85521086,68.58
2024-09-08,54881.11,2497.79070412,68.58
2024-09-09,57053.9,2497.98911876,69.65
2024-09-10,57645.59,2506.5269963,66.73
2024-09-11,57352.79,2518.48441637,68.25
2024-09-12,58137.54,2512.08690615,69.89
2024-09-13,60543.35,2558.16696081,69.59
2024-09-14,60012.35,2579.97203826,69.59
2024-09-15,59122.33,2579.59135661,69.59
2024-09-16,58208.75,2581.38726849,71.1
2024-09-17,60312.6,2583.76968897,72.16
2024-09-18,61769.18,2573.22232795,71.87
2024-09-19,62960.14,2558.09170452,72.86
2024-09-20,63210.69,2586.31168677,72.72
2024-09-21,63362.74,2622.59449077,72.72
2024-09-22,63577.66,2622.60687123,72.72
2024-09-23,63338.87,2620.21136721,71.33
2024-09-24,64272.93,2625.44921436,72.34
2024-09-25,63130.89,2657.88430814,70.42
2024-09-26,65177.21,2656.82154874,68.28
2024-09-27,65789.0,2671.81364848,68.72
2024-09-28,65858.99,2656.87519594,68.72
2024-09-29,65600.01,2657.07709828,68.72
2024-09-30,63301.25,2664.91563943,68.75
2024-10-01,60790.0,2636.59263642,70.41
2024-10-02,60631.37,2659.49878554,70.74
2024-10-03,60744.99,2660.80579843,74.33
2024-10-04,62090.71,2656.95143518,74.93
2024-10-05,62051.29,2653.1574962,74.93
2024-10-06,62810.86,2653.24900954,74.93
2024-10-07,62200.28,2650.18815011,77.76
2024-10-08,62122.02,2643.82123115,74.26
2024-10-09,60578.28,2623.00861186,73.85
2024-10-10,60279.53,2606.94197364,76.46
2024-10-11,62518.75,2633.49793573,76.11
2024-10-12,63187.47,2657.52548766,76.11
2024-10-13,62845.3,2657.50500674,76.11
2024-10-14,66065.65,2646.16628721,76.11
2024-10-15,67056.6,2648.89505316,71.22
2024-10-16,67608.44,2660.21405146,70.97
2024-10-17,67402.33,2674.83954975,71.26
2024-10-18,68426.11,2694.11067407,69.78
2024-10-19,68363.73,2722.05504268,69.78
2024-10-20,69014.86,2722.05356076,69.78
2024-10-21,67346.15,2723.79073225,71.16
2024-10-22,67380.08,2722.6953813,72.84
2024-10-23,66601.11,2742.58658277,71.37
2024-10-24,68156.84,2720.17208897,70.58
2024-10-25,66564.51,2732.61374505,72.02
2024-10-26,67012.56,2742.94993293,72.02
2024-10-27,67943.19,2742.96272341,72.02
2024-10-28,69924.5,2732.38228214,67.65
2024-10-29,72724.35,2740.36269248,67.48
2024-10-30,72322.91,2766.2456072,68.91
2024-10-31,70197.83,2785.55954788,69.58
2024-11-01,69467.29,2746.65135134,69.81
2024-11-02,69358.94,2735.94293042,69.81
2024-11-03,68738.18,2736.28056289,69.81
2024-11-04,67807.48,2738.78733618,71.83
2024-11-05,69380.73,2735.63157389,72.26
2024-11-06,75646.55,2744.33124078,71.98
2024-11-07,75920.0,2663.20662861,72.69
2024-11-08,76566.73,2708.23482129,70.69
2024-11-09,76716.06,2684.40305453,70.69
2024-11-10,80428.92,2684.40881936,70.69
2024-11-11,88770.73,2684.41530482,70.69
2024-11-12,88035.43,2622.77539469,68.43
2024-11-13,90493.82,2598.33057261,68.76
2024-11-14,87340.4,2572.10312385,68.99
2024-11-15,91058.36,2566.768054,67.33
2024-11-16,90636.24,2562.67797799,67.33
2024-11-17,89886.69,2563.06879302,67.33
2024-11-18,90520.3,2571.93311122,69.46
2024-11-19,92435.89,2611.87509909,69.75
2024-11-20,94393.15,2636.30556574,69.25
2024-11-21,98439.09,2652.3271253,70.39
2024-11-22,99024.03,2670.86455351,71.68
2024-11-23,97778.77,2713.28966565,71.68
2024-11-24,98028.18,2714.06509957,71.68
2024-11-25,93000.01,2718.51860309,69.41
2024-11-26,91929.54,2611.04445695,69.05
2024-11-27,95951.19,2632.15871496,69.03
2024-11-28,95665.53,2636.76713365,69.03
2024-11-29,97490.56,2637.90853949,68.26
2024-11-30,96465.42,2650.37428586,68.26
2024-12-01,97263.18,2650.23380363,68.26
2024-12-02,95862.89,2645.7903227,68.35
2024-12-03,95924.52,2641.91648849,70.15
2024-12-04,98746.24,2643.12173822,68.81
2024-12-05,97044.23,2649.15539628,68.58
2024-12-06,99891.35,2632.22176363,68.58
2024-12-07,99929.32,2633.11238887,68.58
2024-12-08,101174.99,2633.11793551,68.58
2024-12-09,97324.81,2635.9893738,68.65
2024-12-10,96660.76,2659.10063898,68.85
2024-12-11,101202.11,2694.83451425,70.57
2024-12-12,100030.47,2720.33340406,70.25
2024-12-13,101428.75,2679.84148202,71.54
2024-12-14,101399.99,2648.55268514,71.54
2024-12-15,104447.76,2647.81282717,71.54
2024-12-16,106099.81,2651.02491274,71.03
2024-12-17,106136.99,2652.65921128,70.31
2024-12-18,100150.73,2647.44480541,70.8
2024-12-19,97372.21,2589.86172728,70.1
2024-12-20,97765.0,2593.66435234,69.71
2024-12-21,97230.08,2622.97008345,69.71
2024-12-22,95087.75,2623.41391674,69.71
2024-12-23,94764.56,2624.86964241,69.5
2024-12-24,98594.47,2615.74884835,70.87
2024-12-25,99346.28,2616.28127535,70.87
2024-12-26,95669.49,2618.98781883,70.38
2024-12-27,94171.89,2632.97858335,71.28
2024-12-28,95130.82,2620.60413311,71.28
2024-12-29,93563.35,2621.62161454,71.28
2024-12-30,92620.71,2624.62300571,71.73
2024-12-31,93354.22,2605.38997868,72.44
2025-01-01,94383.59,2624.39707758,72.44
2025-01-02,96903.19,2625.54778773,73.79
2025-01-03,98136.51,2660.84473838,74.64
2025-01-04,98209.85,2639.68068311,74.64
2025-01-05,98345.33,2640.12182578,74.64
2025-01-06,102279.41,2640.9710745,74.31
2025-01-07,96941.98,2634.58237127,74.99
2025-01-08,95036.63,2649.46001355,73.99
2025-01-09,92547.44,2661.99220835,73.99
2025-01-10,94701.18,2669.96888418,77.27
2025-01-11,94565.02,2689.30559978,77.27
2025-01-12,94509.62,2689.34827141,77.27
2025-01-13,94506.45,2692.3154586,79.57
2025-01-14,96534.96,2667.63839841,78.2
2025-01-15,100510.23,2674.93614259,80.73
2025-01-16,99981.78,2694.45766226,79.35
2025-01-17,104107.0,2715.15793938,78.56
2025-01-18,104435.0,2702.78232521,78.56
2025-01-19,101211.13,2702.60336377,78.56
2025-01-20,102145.43,2694.1716446,78.56
2025-01-21,106159.26,2710.24083471,76.79
2025-01-22,103667.11,2744.71388691,76.12
2025-01-23,103926.36,2754.12140498,75.03
2025-01-24,104850.27,2755.14274946,74.97
2025-01-25,104733.56,2770.86984532,74.97
2025-01-26,102563.0,2771.01803323,74.97
2025-01-27,102062.42,2767.05390664,73.51
2025-01-28,101290.0,2742.22332886,74.15
2025-01-29,103747.25,2762.54769884,72.94
2025-01-30,104742.64,2759.88376474,73.1
2025-01-31,102411.26,2797.2951275,72.84
2025-02-01,100623.85,2799.14849903,72.84
2025-02-02,97676.52,2799.10070493,72.84
2025-02-03,101460.2,2794.81840667,73.52
2025-02-04,97795.05,2813.88302351,73.04
2025-02-05,96638.33,2841.53067574,71.39
2025-02-06,96564.62,2869.2667388,70.97
2025-02-07,96537.08,2858.72577444,71.32
2025-02-08,96476.25,2861.11080911,71.32
2025-02-09,96475.82,2860.68438441,71.32
2025-02-10,97444.41,2868.14259372,72.73
2025-02-11,95774.08,2916.88227288,73.67
2025-02-12,97862.53,2896.07520991,71.72
2025-02-13,96625.29,2906.66664341,71.66
2025-02-14,97509.03,2929.10854339,71.05
2025-02-15,97596.94,2882.39926303,71.05
2025-02-16,96119.88,2882.44495899,71.05
2025-02-17,95781.8,2885.24764225,71.05
2025-02-18,95607.4,2899.3844027,72.21
2025-02-19,96632.03,2933.9322467,72.58
2025-02-20,98347.2,2937.0136856,72.88
2025-02-21,96157.03,2941.12716346,70.72
2025-02-22,96582.12,2936.34790555,70.72
2025-02-23,96265.98,2935.95306468,70.72
2025-02-24,91510.82,2937.33029574,71.06
2025-02-25,88583.74,2951.97549152,69.15
2025-02-26,84111.78,2920.57780711,68.87
2025-02-27,84625.19,2918.49035833,70.62
2025-02-28,84297.73,2875.52485517,69.97
2025-03-01,86018.76,2857.68336754,69.97
2025-03-02,94265.48,2857.68990064,69.97
2025-03-03,86161.1,2868.68398262,68.63
2025-03-04,87249.96,2891.3892981,68.47
2025-03-05,90603.73,2912.87955913,66.58
2025-03-06,89921.85,2918.83791722,66.62
2025-03-07,86756.98,2909.37105507,67.29
2025-03-08,86206.69,2909.90017878,67.29
2025-03-09,80699.17,2909.81719946,67.29
2025-03-10,78544.71,2916.64491336,66.31
2025-03-11,82914.51,2884.90637181,66.52
2025-03-12,83659.43,2914.49512492,67.65
2025-03-13,81073.43,2938.14844936,66.82
2025-03-14,83980.49,2986.13983197,67.43
2025-03-15,84351.46,2985.70296137,67.43
2025-03-16,82562.57,2984.91691633,67.43
2025-03-17,84011.4,2989.9370678,67.84
2025-03-18,82698.76,3000.97711815,67.49
2025-03-19,86877.96,3031.38789973,67.4
2025-03-20,84183.42,3053.19831683,68.55
2025-03-21,84061.96,3046.88733037,68.52
2025-03-22,83852.03,3023.12174202,68.52
2025-03-23,86092.94,3023.715911,68.52
2025-03-24,87523.62,3025.50256623,69.46
2025-03-25,87427.88,3010.30819836,69.48
2025-03-26,86926.01,3021.18454604,70.05
2025-03-27,87217.48,3024.2215956,70.3
2025-03-28,84381.8,3057.07747062,69.74
2025-03-29,82616.83,3085.33417254,69.74
2025-03-30,82379.98,3085.57407723,69.74
2025-03-31,82534.32,3085.1380877,71.87
2025-04-01,85170.37,3123.00030387,71.61
2025-04-02,82490.08,3113.87955763,72.12
2025-04-03,83174.33,3159.30012656,67.43
2025-04-04,83860.16,3114.18501934,62.42
2025-04-05,83498.25,3037.83225151,62.42
2025-04-06,78370.75,3038.00483286,62.42
2025-04-07,79140.01,3001.62477949,61.05
2025-04-08,76251.64,2983.80183498,60.04
2025-04-09,82594.75,2979.28503118,62.63
2025-04-10,79552.34,3083.35828284,60.57
2025-04-11,83380.47,3186.3583079,61.91
2025-04-12,85271.01,3237.4256768,61.91
2025-04-13,83733.07,3237.87956448,61.91
2025-04-14,84590.36,3222.03978317,61.99
2025-04-15,83629.78,3211.45642118,61.74
2025-04-16,84028.72,3258.28949576,62.88
2025-04-17,84961.97,3346.1994703,65.07
2025-04-18,84466.47,3326.20084998,65.07
2025-04-19,85074.99,3326.35574776,65.07
2025-04-20,85177.34,3326.27387142,65.07
2025-04-21,87522.07,3354.15480833,63.48
2025-04-22,93489.1,3418.95303453,64.6
2025-04-23,93740.92,3338.65849363,62.64
2025-04-24,94021.96,3314.42454133,63.55
2025-04-25,94708.79,3353.44168751,63.85
2025-04-26,94666.64,3319.17153478,63.85
2025-04-27,93780.57,3319.2111961,63.85
2025-04-28,95042.57,3307.74024448,63.3
2025-04-29,94271.09,3335.58040266,61.84
2025-04-30,94182.54,3321.56502844,59.55
2025-05-01,96524.98,3273.57745055,60.59
2025-05-02,96929.81,3239.64601036,59.67
2025-05-03,95861.33,3240.95845513,59.67
2025-05-04,94272.55,3240.91539007,59.67
2025-05-05,94733.99,3247.12750983,58.5
2025-05-06,96839.17,3332.69900962,60.42
2025-05-07,97058.32,3397.21224763,59.42
2025-05-08,103253.49,3374.57058589,61.25
2025-05-09,102986.96,3319.35001816,62.37
2025-05-10,104821.19,3325.59909836,62.37
2025-05-11,104137.62,3325.55707238,62.37
2025-05-12,102800.21,3287.33799587,63.32
2025-05-13,104131.06,3237.77682587,65.04
2025-05-14,103545.38,3248.65286487,64.48
2025-05-15,103786.43,3182.44411071,63.03
2025-05-16,103500.03,3240.57196095,63.84
2025-05-17,103161.07,3200.39838559,63.84
2025-05-18,106473.46,3202.99903205,63.84
2025-05-19,105616.18,3237.93303307,63.98
2025-05-20,106883.24,3223.20189653,63.97
2025-05-21,109699.54,3291.67065782,62.93
2025-05-22,111722.53,3322.99328589,62.55
2025-05-23,107329.61,3294.70402685,62.89
2025-05-24,107794.01,3357.87604938,62.89
2025-05-25,109048.68,3357.75428021,62.89
2025-05-26,109464.32,3345.50763562,62.89
2025-05-27,108978.46,3345.44272084,61.61
2025-05-28,107819.29,3310.61917517,62.54
2025-05-29,105572.58,3261.49031191,61.66
2025-05-30,104033.26,3317.92158756,61.46
2025-05-31,104645.87,3289.53211669,61.46
2025-06-01,105697.94,3289.53211669,61.46
2025-06-02,105904.94,3312.22452643,63.27
2025-06-03,105447.82,3384.70755281,64.1
2025-06-04,104753.38,3356.74551438,63.57
2025-06-05,101570.2,3376.18955819,64.06
2025-06-06,104397.99,3363.62728184,65.3
2025-06-07,105619.02,3310.5139606,65.3
2025-06-08,105784.4,3310.53478379,65.3
2025-06-09,110301.15,3316.46908802,65.99
2025-06-10,110300.24,3321.44698173,65.66
2025-06-11,108669.37,3327.4935821,68.91
2025-06-12,105721.05,3362.6681292,68.73
2025-06-13,106118.7,3401.61740104,73.84
2025-06-14,105465.42,3433.06148064,73.84
2025-06-15,105599.25,3432.99430226,73.84
2025-06-16,106853.38,3441.33622956,72.53
2025-06-17,104590.44,3400.07684174,75.62
2025-06-18,104915.6,3384.92981856,75.89
2025-06-19,104671.9,3376.70485607,75.89
2025-06-20,103317.8,3367.32876207,75.72
2025-06-21,102160.03,3368.07502724,75.72
2025-06-22,100996.87,3368.44034138,75.72
2025-06-23,105419.39,3369.93645985,69.36
2025-06-24,106141.0,3343.88999404,65.45
2025-06-25,107400.22,3326.81499382,65.98
2025-06-26,107029.64,3335.06979301,66.44
2025-06-27,107113.38,3317.21608611,66.66
2025-06-28,107352.2,3274.23449216,66.66
2025-06-29,108386.44,3274.06725916,66.66
2025-06-30,107173.21,3267.55526743,66.3
2025-07-01,105711.78,3310.87018277,66.64
2025-07-02,108888.32,3343.46961873,68.66
2025-07-03,109628.83,3346.29464794,68.13
2025-07-04,108028.6,3327.10277886,68.13
2025-07-05,108246.65,3336.74348518,68.13
2025-07-06,109217.98,3335.7918119,68.13
2025-07-07,108269.84,3324.60845255,69.16
2025-07-08,108958.04,3336.24476293,69.55
2025-07-09,111282.85,3304.61840249,69.61
2025-07-10,116031.3,3318.94129755,67.78
2025-07-11,117582.16,3326.53168488,69.63
2025-07-12,117472.65,3355.60335426,69.63
2025-07-13,119130.81,3355.51327609,69.63
2025-07-14,119863.71,3367.42854738,68.19
2025-07-15,117781.64,3346.61157252,67.76
2025-07-16,118681.68,3329.65406559,67.13
2025-07-17,119273.69,3344.69750054,68.76
2025-07-18,118023.05,3340.20301754,68.53
2025-07-19,117914.17,3350.07365137,68.53
2025-07-20,117312.7,3350.15221417,68.53
2025-07-21,117428.79,3350.30149363,68.39
2025-07-22,120026.42,3392.24762865,67.56
2025-07-23,118810.44,3432.77864208,66.05
2025-07-24,118397.04,3390.23733696,67.16
2025-07-25,117633.27,3370.05343557,66.38
2025-07-26,117969.63,3336.8459198,66.38
2025-07-27,119465.52,3337.11428382,66.38
2025-07-28,118070.59,3333.58001825,67.81
2025-07-29,117933.39,3311.30761882,70.27
2025-07-30,117830.15,3329.01781657,71.09
2025-07-31,115761.13,3284.6461188,70.36
2025-08-01,113248.73,3287.74653578,68.39
2025-08-02,112542.74,3362.98137715,68.39
2025-08-03,114215.73,3362.88298613,68.39
2025-08-04,115051.85,3356.90327016,67.33
2025-08-05,114112.95,3376.71853869,66.2
2025-08-06,115028.83,3382.48077905,65.38
2025-08-07,117515.49,3369.03840232,64.9
2025-08-08,116683.79,3400.53238735,64.94
2025-08-09,116492.51,3398.19005601,64.94
2025-08-10,119309.37,3398.31593056,64.94
2025-08-11,118701.84,3387.75995553,65.03
2025-08-12,120113.18,3350.66969835,64.22
2025-08-13,123365.63,3347.57839526,63.68
2025-08-14,118389.79,3367.82661351,64.99
2025-08-15,117436.96,3333.73893824,63.78
2025-08-16,117455.68,3335.64048467,63.78
2025-08-17,117488.6,3335.63158349,63.78
2025-08-18,116286.76,3333.5944649,64.51
2025-08-19,112856.19,3337.65782532,63.38
2025-08-20,114276.0,3314.91676078,64.19
2025-08-21,112480.3,3344.47041983,64.56
2025-08-22,116908.68,3337.21451381,64.08
2025-08-23,115383.87,3372.00346912,64.08
2025-08-24,113478.0,3371.85907113,64.08
2025-08-25,110127.74,3364.94361364,65.18
2025-08-26,111788.01,3365.09081707,63.6
2025-08-27,111253.21,3391.7103208,64.49
2025-08-28,112574.85,3395.05889918,64.96
2025-08-29,108378.32,3417.37221164,64.36
2025-08-30,108827.93,3448.00239981,64.36
2025-08-31,108247.95,3448.18668483,64.36
2025-09-01,109240.55,3443.68981722,64.36
2025-09-02,111247.94,3481.26747379,65.95
2025-09-03,111756.41,3530.27564392,64.36
2025-09-04,110720.79,3556.48498363,63.81
2025-09-05,110670.02,3551.93479216,62.22
2025-09-06,110212.6,3586.77227081,62.22
2025-09-07,111129.61,3586.67835924,62.22
2025-09-08,112072.57,3588.74297459,62.6
2025-09-09,111549.32,3636.91512495,62.97
2025-09-10,113983.97,3631.10052121,64.01
2025-09-11,115540.0,3645.30457431,62.71
2025-09-12,116106.03,3633.04633478,63.02
2025-09-13,115968.35,3643.18765805,63.02
2025-09-14,115314.13,3643.22880424,63.02
2025-09-15,115381.08,3640.79083802,63.66
2025-09-16,116832.56,3678.46263804,64.89
2025-09-17,116484.4,3694.86886171,64.41
2025-09-18,117117.99,3663.71627595,63.91
2025-09-19,115690.55,3638.75462895,63.02
2025-09-20,115752.4,3685.23249948,63.02
2025-09-21,115282.27,3685.25830344,63.02
2025-09-22,112736.59,3690.02736893,62.99
2025-09-23,112017.21,3746.91114013,63.76
2025-09-24,113348.17,3759.10879049,65.4
2025-09-25,109035.72,3747.88291464,65.51
2025-09-26,109697.29,3745.37586532,66.5
2025-09-27,109681.16,3759.83243179,66.5
2025-09-28,112197.67,3759.72641223,66.5
2025-09-29,114365.07,3774.15458937,64.27
2025-09-30,114067.71,3836.51092351,63.17
2025-10-01,118659.97,3865.04649071,62.59
2025-10-02,120621.32,3858.68269203,61.28
2025-10-03,122318.4,3860.54476919,61.65
2025-10-04,122458.56,3886.48358738,61.65
2025-10-05,123520.79,3886.79628096,61.65
2025-10-06,124720.09,3904.30547286,62.49
2025-10-07,121393.95,3971.681908,62.52
2025-10-08,123343.25,3996.81374009,63.37
2025-10-09,121714.51,4018.1604781,62.36
2025-10-10,112980.28,3989.03175828,59.75
2025-10-11,110768.89,4017.36465699,59.75
2025-10-12,115067.98,4017.16454065,59.75
2025-10-13,115274.03,4032.63693726,59.75
2025-10-14,113068.0,4124.21474951,59.52
2025-10-15,110804.12,4169.30896622,59.08
2025-10-16,108198.0,4213.6577288,58.29
2025-10-17,106463.3,4360.41061115,58.3
2025-10-18,107208.91,4252.01885855,58.3
2025-10-19,108676.78,4250.73558979,58.3
2025-10-20,110568.06,4228.17784562,58.34
2025-10-21,108362.27,4359.14850137,58.66
2025-10-22,107585.98,4010.89519571,59.3
2025-10-23,110116.03,4088.80391446,62.44
2025-10-24,111042.13,4130.62865277,62.27
2025-10-25,111666.21,4113.31187007,62.27
2025-10-26,114548.09,4113.32709753,62.27
2025-10-27,114087.06,4069.76720525,62.13
2025-10-28,112906.75,3989.07949597,60.97
2025-10-29,110032.13,3964.52071125,61.26
2025-10-30,108308.18,3957.8912039,61.36
2025-10-31,109555.27,4030.30953986,61.75
2025-11-01,110052.25,4002.72825958,61.75
2025-11-02,110536.01,4002.81638161,61.75
2025-11-03,106557.98,3978.76770402,61.79
2025-11-04,101468.15,3996.59010932,61.38
2025-11-05,103869.0,3936.54757692,60.4
2025-11-06,101290.5,3974.92142574,60.24
2025-11-07,103284.27,3985.03857119,60.54
2025-11-08,102285.57,4001.06588395,60.54
2025-11-09,104694.95,4001.11230922,60.54
2025-11-10,105979.38,4014.39239963,60.94
2025-11-11,103009.35,4119.34059244,60.94
2025-11-12,101639.01,4143.68818912,59.3
2025-11-13,99614.54,4187.74322936,59.54
2025-11-14,94503.96,4184.84108275,60.87
2025-11-15,95544.94,4082.00919758,60.87
2025-11-16,94183.97,4082.9391936,60.87
2025-11-17,92100.6,4085.78681427,60.66
2025-11-18,92914.46,4038.09539193,61.51
2025-11-19,91461.6,4073.96196468,60.27
2025-11-20,86536.88,4104.98583369,60.07
2025-11-21,85068.88,4079.62947173,58.86
2025-11-22,84684.0,4064.92167709,58.86
2025-11-23,86808.28,4065.14145269,58.86
2025-11-24,88266.2,4056.42816086,59.11
2025-11-25,87325.01,4127.88177747,58.25
2025-11-26,90468.84,4141.01480537,58.81
2025-11-27,91316.7,4157.90734187,58.81
2025-11-28,90902.7,4178.33292037,58.58
2025-11-29,90828.06,4216.86315141,58.58
2025-11-30,90369.51,4222.76968085,58.58
2025-12-01,86282.36,4230.25802036,59.47
2025-12-02,91308.05,4202.90975848,58.81
2025-12-03,93453.84,4216.5804376,59.09
2025-12-04,92093.54,4212.29991575,59.82
2025-12-05,89345.29,4196.7257146,60.23
2025-12-06,89267.97,4197.72281933,60.23
2025-12-07,90402.29,4197.74572659,60.23
2025-12-08,90653.86,4204.91916674,59.04
2025-12-09,92690.0,4196.44745544,58.4
2025-12-10,92035.99,4214.26681029,58.67
2025-12-11,92542.0,4242.56257568,57.76
2025-12-12,90278.0,4274.36462638,57.61
2025-12-13,90255.32,4299.92492331,57.61
2025-12-14,88171.61,4299.62726531,57.61
2025-12-15,86417.5,4310.85952935,56.97
2025-12-16,87854.01,4304.72456435,55.44
2025-12-17,86209.77,4317.78742755,56.07
2025-12-18,85460.02,4330.16466317,56.22
2025-12-19,88092.65,4326.15019355,56.8
2025-12-20,88324.0,4338.86915186,56.8
2025-12-21,88639.95,4338.92939521,56.8
2025-12-22,88556.77,4365.80370735,58.18
2025-12-23,87429.32,4484.21645492,58.55
2025-12-24,87609.03,4512.75960214,58.72
2025-12-25,87171.68,4479.58830792,58.72
2025-12-26,87296.01,4514.82555843,56.6
2025-12-27,87808.0,4533.69989808,56.6
2025-12-28,87877.29,4533.60123894,56.6
2025-12-29,87110.78,4513.2239719,57.89
2025-12-30,88397.5,4333.70010882,57.79
2025-12-31,87497.94,4354.14717279,57.26
2026-01-01,88738.34,4318.55007272,57.26
2026-01-02,89957.99,4350.48177235,57.21
2026-01-03,90598.02,4331.90726946,57.21
2026-01-04,91494.0,4331.909146,57.21
2026-01-05,93870.06,4402.69709224,58.1
2026-01-06,93722.01,4440.53282842,56.97
2026-01-07,91279.73,4472.22791189,56.01
2026-01-08,91026.0,4457.81789814,57.74
2026-01-09,90515.45,4458.85546531,58.96
2026-01-10,90385.54,4509.59506542,58.96
2026-01-11,90872.01,4509.60523367,58.96
2026-01-12,91188.09,4581.53622575,59.39
2026-01-13,95384.23,4594.66550146,60.85
2026-01-14,96955.16,4615.7993272,61.84
2026-01-15,95587.65,4613.96990123,59.13
2026-01-16,95504.0,4602.78219773,59.4
2026-01-17,95109.99,4596.49443755,59.4
2026-01-18,93633.53,4596.38035047,59.4
2026-01-19,92559.66,4666.47751878,59.4
2026-01-20,88310.6,4670.53791986,60.3
2026-01-21,89363.71,4803.16624719,60.38
2026-01-22,89463.5,4785.51329416,59.24
2026-01-23,89474.93,4947.0517056,60.7
2026-01-24,89082.17,4985.78303966,60.7
2026-01-25,86561.94,4985.58169773,60.7
2026-01-26,88250.01,5057.8056609,60.46
2026-01-27,89116.96,5063.64238937,62.04
2026-01-28,89162.4,5185.92581222,62.75
2026-01-29,84513.2,5477.7892081,64.77
2026-01-30,84110.99,5335.07754802,64.5
2026-01-31,78648.0,4890.35338672,64.5
2026-02-01,76895.53,4892.33200343,64.5
2026-02-02,78666.85,4636.46627087,61.6
2026-02-03,75661.49,4822.67040906,62.62
2026-02-04,72998.0,5040.90441891,64.56
2026-02-05,62791.0,4979.87879971,62.9
2026-02-06,70527.7,4758.24770867,63.77
2026-02-07,69244.74,4954.17143712,63.77
2026-02-08,70279.33,4953.00833344,63.77
2026-02-09,70101.99,4967.8949787,64.53
2026-02-10,68803.65,5032.37832212,64.2
2026-02-11,67024.93,5044.94796388,64.8
2026-02-12,66208.0,5049.88784199,63.08
2026-02-13,68812.0,4952.29454663,63.05
2026-02-14,69786.96,5042.3303634,63.05
2026-02-15,68792.0,5042.43969368,63.05
2026-02-16,68858.13,5021.62310911,63.05
2026-02-17,67466.7,4946.87550396,62.53
2026-02-18,66419.79,4888.24733358,65.33
2026-02-19,66972.5,4963.83843699,66.66
2026-02-20,67984.42,5013.64714754,66.69
2026-02-21,67955.78,5107.17665571,66.69
2026-02-22,67617.98,5107.03059367,66.69
2026-02-23,64625.78,5148.07670428,66.36
2026-02-24,64068.33,5189.55632926,65.62
2026-02-25,67992.68,5170.17635472,65.3
2026-02-26,67490.51,5189.75562998,65.1
2026-02-27,65859.94,5177.30724109,66.96
2026-02-28,66967.85,5278.78866581,66.96
2026-03-01,65769.0,5277.78290896,66.96
2026-03-02,68832.01,5336.13943119,71.13
2026-03-03,68335.99,5363.13520303,74.48
2026-03-04,72683.26,5160.72563931,74.58
2026-03-05,70887.6,5180.99817111,80.88
2026-03-06,68108.24,5082.67995483,90.77
2026-03-07,67259.62,5171.91978559,90.77
2026-03-08,65970.56,5171.87431311,90.77
2026-03-09,68432.17,5064.44506343,94.65
2026-03-10,69960.83,5144.08849067,83.71
2026-03-11,70208.0,5217.49383944,86.8
2026-03-12,70531.56,5156.22856943,95.61
2026-03-13,70944.33,5119.15865604,98.48
2026-03-14,71232.02,5018.78783225,98.48
2026-03-15,72830.01,5019.58642624,98.48
2026-03-16,74886.47,4999.745013,93.39
2026-03-17,73934.11,5010.70788275,96.01
2026-03-18,71245.02,5011.99872495,96.12
2026-03-19,69918.3,4838.91025805,96.11
2026-03-20,70497.01,4656.53404858,98.71
2026-03-21,68912.02,4492.61728202,98.71
2026-03-22,67844.94,4493.77813948,98.71
2026-03-23,70874.23,4410.47010319,89.33
2026-03-24,70533.49,4347.89792179,93.18
2026-03-25,71301.53,4572.97136131,91.51
2026-03-26,68769.02,4538.62803629,96.18
2026-03-27,66353.34,4397.05204043,101.26
2026-03-28,66320.15,4493.8690145,101.26
2026-03-29,65956.94,4493.85689762,101.26
2026-03-30,66737.18,4425.95575195,104.69
2026-03-31,68221.85,4518.49555787,102.86
2026-04-01,68112.35,4697.88599828,101.9
2026-04-02,66894.48,4791.9916236,113.23
2026-04-03,66959.99,4676.7172438,113.23
2026-04-04,67291.73,4676.74567717,113.23
2026-04-05,69005.0,4676.64288126,113.23
2026-04-06,68853.61,4624.73725711,114.01
2026-04-07,71910.2,4659.86916019,114.58
2026-04-08,71085.99,4840.09769253,96.17
2026-04-09,71798.01,4700.07416717,99.62
2026-04-10,72997.88,4752.92625787,98.34
2026-04-11,73086.0,4749.12734785,98.34
2026-04-12,70755.35,4749.04615408,98.34
2026-04-13,74446.0,4670.60990692,100.72
2026-04-14,74179.04,4757.8854815,93.07
2026-04-15,74836.31,4832.47500523,93.04
2026-04-16,75163.09,4830.30650227,96.46
2026-04-17,77098.01,4789.80423112,85.91
2026-04-18,75736.82,4830.45816413,85.91
2026-04-19,73823.14,4831.17460348,85.91
2026-04-20,75864.86,4751.36803764,91.06
2026-04-21,76348.58,4829.38273727,93.64
2026-04-22,78208.52,4745.1633736,94.76
2026-04-23,78281.32,4706.34302087,99.27
2026-04-24,77461.8,4696.39011973,98.42
2026-04-25,77650.72,4709.45267212,98.42
2026-04-26,78673.83,4709.35065119,98.42
2026-04-27,77364.42,4679.02803486,99.89
2026-04-28,76317.99,4699.51754753,103.45
2026-04-29,75752.88,4609.54609339,110.47
2026-04-30,76305.78,4560.7080408,108.64
2026-05-01,78234.05,4622.77465407,105.38
2026-05-02,78682.31,4614.35312998,105.38
2026-05-03,78558.89,4614.47449903,105.38
2026-05-04,79852.37,4611.52937683,109.76
2026-05-05,80907.72,4527.5747412,105.66
2026-05-06,81438.1,4590.06581236,98.75
2026-05-07,80005.38,4698.58793337,98.38
2026-05-08,80188.82,4704.14458659,98.87
2026-05-09,80655.96,4715.28407465,98.87
2026-05-10,82199.99,4715.03284492,98.87
2026-05-11,81727.06,4681.73561303,101.56
2026-05-12,80484.72,4767.15544311,105.78
2026-05-13,79288.26,4722.34054309,104.52
2026-05-14,81079.39,4696.4805514,104.66
2026-05-15,79058.51,4648.06696191,108.99
2026-05-16,78105.45,4540.15494641,108.99
2026-05-17,77407.59,4540.41880823,108.99
2026-05-18,76943.98,4526.97215278,112.25
2026-05-19,76767.48,4580.56457291,112.09
2026-05-20,77475.99,4488.04429879,101.69
2026-05-21,77547.62,4544.35770275,100.2
2026-05-22,75443.91,4532.50805427,100.35
2026-05-23,76650.0,4509.57676269,100.35
2026-05-24,76975.99,4509.59913271,100.35
2026-05-25,77249.07,4572.6556109,100.35
2026-05-26,75826.1,4551.59298927,97.63
2026-05-27,74315.98,4521.75643107,92.35
2026-05-28,73512.56,4447.61509983,92.65
2026-05-29,73366.77,4497.31690074,91.16
2026-05-30,73770.69,4539.7839426,91.16
2026-05-31,73575.17,4539.24815525,91.16
2026-06-01,71314.42,4540.53425742,95.96
2026-06-02,66658.35,4480.33290666,97.47
2026-06-03,64040.0,4475.62863561,99.76
2026-06-04,63806.02,4455.3570991,96.83
2026-06-05,61032.0,4455.80377353,94.32
2026-06-06,60850.48,4328.74010721,94.32
2026-06-07,63302.73,4328.99870693,94.32
2026-06-08,63062.98,4344.0241215,95.0
2026-06-09,61685.8,4319.53127902,91.9
2026-06-10,61449.46,4218.75777833,93.68
2026-06-11,63563.42,4048.27159044,91.58
2026-06-12,63538.43,4217.10677799,88.62
2026-06-13,64429.99,4219.10486627,88.62
2026-06-14,65706.62,4216.49687537,88.62
2026-06-15,66276.8,4299.89164273,84.65
2026-06-16,65616.64,4315.13239258,79.8
2026-06-17,64446.04,4338.53784333,80.65
2026-06-18,62879.01,4296.44434859,80.35
2026-06-19,63475.2,4193.23430032,80.35
2026-06-20,64222.99,4155.68354137,80.35
2026-06-21,63235.63,4155.60064844,80.35
2026-06-22,63950.61,4155.98923765,78.94
2026-06-23,62644.86,4184.09866774,74.62
2026-06-24,60983.13,4108.46849852,71.42
2026-06-25,59703.65,4009.99451032,72.67
2026-06-26,60002.53,4016.15296723,70.3
2026-06-27,59934.84,4089.00454411,70.3
2026-06-28,59474.01,4089.28880316,70.3
2026-06-29,60162.73,4059.63110944,71.87
2026-06-30,58523.93,4012.17615219,70.56
2026-07-01,59961.45,4008.93350743,69.74
2026-07-02,61484.02,4042.62544267,69.73
2026-07-03,62520.22,4130.37444323,69.73
2026-07-04,63086.45,4175.34965422,69.73
2026-07-05,63580.44,4175.16138043,69.73
2026-07-06,64001.84,4176.38546367,69.6
2026-07-07,63323.27,4154.26445632,71.53
2026-07-08,62237.7,4103.12970321,74.56
2026-07-09,63175.25,4084.69367248,73.15
2026-07-10,64128.49,4121.92319043,72.45
2026-07-11,63773.04,4119.77843832,72.45
2026-07-12,63740.32,4116.56294986,72.45
2026-07-13,62264.94,4086.76195633,79.2
2026-07-14,64988.64,3994.08236756,80.44
2026-07-15,64716.63,4052.55022933,80.73
2026-07-16,63770.6,4055.84410633,80.03
2026-07-17,63894.0,3984.54474783,83.43
2026-07-18,64796.36,4017.99418516,83.43
2026-07-19,64681.78,4016.61109685,83.43
2026-07-20,65213.05,3995.16265705,84.38
2026-07-21,66516.18,4011.31994488,86.04
2026-07-22,66086.61,4091.15418824,87.66
2026-07-23,65051.23,4126.94141642,93.08
2026-07-24,64083.32,4043.78938651,91.74
2026-07-25,64295.61,4052.65862511,91.74
2026-07-26,65341.07,4052.71939498,91.74
2026-07-27,63694.43,4115.32625689,84.25
2026-07-28,63847.12,4066.45399112,80.91
2026-07-29,63896.14,4021.26444639,86.08
2026-07-30,64721.9,4081.70262511,85.15
2026-07-31,62825.9,4101.40309,86.16
2026-08-01,62764.2,4042.87223432,86.16
2026-08-02,63499.49,4042.96703648,86.16
2026-08-03,63466.51,4071.10759367,81.96
2026-08-04,64050.51,4064.90845826,77.33
2026-08-05,64603.03,4072.95974246,76.78
2026-08-06,64267.3,4265.80940961,78.88
2026-08-07,64891.61,4244.710984,79.77
2026-08-08,64908.72,4341.92672999,79.77
2026-08-09,64848.69,4341.93238569,79.77
2026-08-10,63911.88,4343.85240632,83.76
2026-08-11,63531.75,4405.33680121,84.77
2026-08-12,63411.72,4375.77970925,84.97
2026-08-13,63425.35,4420.6984173,82.77
2026-08-14,62975.19,4352.80531774,83.99
2026-08-15,63018.75,4376.29100585,83.99
2026-08-16,62836.66,4376.50168714,83.99
2026-08-17,64484.18,4378.37956172,86.04
2026-08-18,64681.33,4420.18255354,86.48
2026-08-19,69300.01,4341.83435555,87.28
2026-08-20,73011.87,4514.08371549,89.75
2026-08-21,78325.54,4520.00894962,87.21
2026-08-22,77054.44,4603.35639922,87.21
2026-08-23,77729.36,4603.52593258,87.21
2026-08-24,78981.59,4638.10920985,86.34
2026-08-25,78526.8,4683.72228524,83.9
2026-08-26,79026.18,4653.82088002,83.46
2026-08-27,80275.34,4617.28480567,84.81
2026-08-28,77839.19,4601.03504884,84.57
2026-08-29,78233.93,4455.1784544,84.57
2026-08-30,77665.14,4455.54766924,84.57
2026-08-31,78562.74,4460.16404483,87.03
2026-09-01,77398.69,4455.86333689,91.48
2026-09-02,77307.36,4322.67189537,92.15
2026-09-03,81263.99,4390.88154412,92.55
2026-09-04,79675.12,4481.56575152,92.69
2026-09-05,79831.57,4429.90843822,92.69
2026-09-06,80339.13,4429.95161164,92.69
2026-09-07,79091.97,4426.00668416,92.69
2026-09-08,78447.11,4416.56317187,94.21
2026-09-09,78283.98,4351.8278765,97.26
2026-09-10,76536.55,4395.97153169,103.57
2026-09-11,77208.55,4318.89139241,101.27
2026-09-12,77262.85,4349.0684078,101.27
2026-09-13,76799.85,4348.20986374,101.27
2026-09-14,78175.01,4345.90066401,102.42
2026-09-15,75584.17,4285.38247467,107.02
2026-09-16,76144.99,4282.46817484,103.62
2026-09-17,76348.74,4283.81288477,103.21
2026-09-18,80875.04,4353.65620048,101.44
2026-09-19,81233.91,4378.44857556,101.44
2026-09-20,81159.64,4378.37956172,101.44
2026-09-21,86594.94,4364.9880814,96.97
2026-09-22,86198.05,4371.3974221,96.41
2026-09-23,84378.31,4365.1119302,93.38
2026-09-24,84385.46,4288.22534796,95.88
2026-09-25,84093.13,4267.03442814,85.23
2026-09-26,84416.65,4285.04643062,85.23
2026-09-27,84462.14,4285.06479232,85.23
2026-09-28,83456.74,4255.90773192,99.37
2026-09-29,83638.42,4122.39897237,96.16
2026-09-30,83556.14,4185.43660591,96.16
2026-10-01,84848.73,4152.4445441,96.16
2026-10-02,84504.88,4171.12803569,96.16
2026-10-03,84742.22,4141.64766341,96.16
2026-10-04,86507.11,4141.24974635,96.16
2026-10-05,85748.96,4149.40686304,96.16
2026-10-06,86056.02,4149.40686304,96.16
